instance,n_cranes,strategy,cost,lb_mc,gap,n_steps,interference,time_s
mc_R011606_001_c2.txt,2,S1,4713.6,4686.9,0.57,37,18.0,0.217
mc_R011606_001_c2.txt,2,S2,4713.6,4686.9,0.57,37,0.0,0.209
mc_R011606_001_c2.txt,2,S3,4713.6,4686.9,0.57,37,18.0,0.213
mc_R011606_001_c2.txt,2,S4,4713.6,4686.9,0.57,37,0.0,0.202
mc_R011606_001_c2.txt,3,S1,4713.6,4742.4,-0.61,37,24.0,0.225
mc_R011606_001_c2.txt,3,S2,4713.6,4742.4,-0.61,37,0.0,0.215
mc_R011606_001_c2.txt,3,S3,4713.6,4742.4,-0.61,37,24.0,0.213
mc_R011606_001_c2.txt,3,S4,4713.6,4742.4,-0.61,37,0.0,0.217
mc_R011606_001_c3.txt,2,S1,4713.6,4686.9,0.57,37,18.0,0.211
mc_R011606_001_c3.txt,2,S2,4713.6,4686.9,0.57,37,0.0,0.228
mc_R011606_001_c3.txt,2,S3,4713.6,4686.9,0.57,37,18.0,0.252
mc_R011606_001_c3.txt,2,S4,4713.6,4686.9,0.57,37,0.0,0.267
mc_R011606_001_c3.txt,3,S1,4713.6,4742.4,-0.61,37,24.0,0.275
mc_R011606_001_c3.txt,3,S2,4713.6,4742.4,-0.61,37,0.0,0.236
mc_R011606_001_c3.txt,3,S3,4713.6,4742.4,-0.61,37,24.0,0.228
mc_R011606_001_c3.txt,3,S4,4713.6,4742.4,-0.61,37,0.0,0.246
mc_R011606_002_c2.txt,2,S1,4848.0,4733.1,2.43,38,19.0,0.227
mc_R011606_002_c2.txt,2,S2,4848.0,4733.1,2.43,38,0.0,0.225
mc_R011606_002_c2.txt,2,S3,4848.0,4733.1,2.43,38,19.0,0.218
mc_R011606_002_c2.txt,2,S4,4848.0,4733.1,2.43,38,0.0,0.208
mc_R011606_002_c2.txt,3,S1,4848.0,4796.0,1.08,38,25.0,0.239
mc_R011606_002_c2.txt,3,S2,4848.0,4796.0,1.08,38,0.0,0.211
mc_R011606_002_c2.txt,3,S3,4848.0,4796.0,1.08,38,25.0,0.214
mc_R011606_002_c2.txt,3,S4,4848.0,4796.0,1.08,38,0.0,0.213
mc_R011606_002_c3.txt,2,S1,4848.0,4733.1,2.43,38,19.0,0.219
mc_R011606_002_c3.txt,2,S2,4848.0,4733.1,2.43,38,0.0,0.209
mc_R011606_002_c3.txt,2,S3,4848.0,4733.1,2.43,38,19.0,0.21
mc_R011606_002_c3.txt,2,S4,4848.0,4733.1,2.43,38,0.0,0.215
mc_R011606_002_c3.txt,3,S1,4848.0,4796.0,1.08,38,25.0,0.228
mc_R011606_002_c3.txt,3,S2,4848.0,4796.0,1.08,38,0.0,0.211
mc_R011606_002_c3.txt,3,S3,4848.0,4796.0,1.08,38,25.0,0.23
mc_R011606_002_c3.txt,3,S4,4848.0,4796.0,1.08,38,0.0,0.224
mc_R011606_003_c2.txt,2,S1,4792.8,4788.3,0.09,41,20.0,0.268
mc_R011606_003_c2.txt,2,S2,4792.8,4788.3,0.09,41,0.0,0.27
mc_R011606_003_c2.txt,2,S3,4792.8,4788.3,0.09,41,20.0,0.24
mc_R011606_003_c2.txt,2,S4,4792.8,4788.3,0.09,41,0.0,0.232
mc_R011606_003_c2.txt,3,S1,4792.8,4851.2,-1.2,41,27.0,0.229
mc_R011606_003_c2.txt,3,S2,4792.8,4851.2,-1.2,41,0.0,0.244
mc_R011606_003_c2.txt,3,S3,4792.8,4851.2,-1.2,41,27.0,0.244
mc_R011606_003_c2.txt,3,S4,4792.8,4851.2,-1.2,41,0.0,0.238
mc_R011606_003_c3.txt,2,S1,4792.8,4788.3,0.09,41,20.0,0.27
mc_R011606_003_c3.txt,2,S2,4792.8,4788.3,0.09,41,0.0,0.235
mc_R011606_003_c3.txt,2,S3,4792.8,4788.3,0.09,41,20.0,0.243
mc_R011606_003_c3.txt,2,S4,4792.8,4788.3,0.09,41,0.0,0.238
mc_R011606_003_c3.txt,3,S1,4792.8,4851.2,-1.2,41,27.0,0.338
mc_R011606_003_c3.txt,3,S2,4792.8,4851.2,-1.2,41,0.0,0.267
mc_R011606_003_c3.txt,3,S3,4792.8,4851.2,-1.2,41,27.0,0.254
mc_R011606_003_c3.txt,3,S4,4792.8,4851.2,-1.2,41,0.0,0.251
mc_R011606_004_c2.txt,2,S1,5114.4,4925.7,3.83,49,24.0,0.273
mc_R011606_004_c2.txt,2,S2,5114.4,4925.7,3.83,49,0.0,0.276
mc_R011606_004_c2.txt,2,S3,5114.4,4925.7,3.83,49,24.0,0.297
mc_R011606_004_c2.txt,2,S4,5114.4,4925.7,3.83,49,0.0,0.278
mc_R011606_004_c2.txt,3,S1,5114.4,4996.0,2.37,49,32.0,0.297
mc_R011606_004_c2.txt,3,S2,5114.4,4996.0,2.37,49,0.0,0.292
mc_R011606_004_c2.txt,3,S3,5114.4,4996.0,2.37,49,32.0,0.296
mc_R011606_004_c2.txt,3,S4,5114.4,4996.0,2.37,49,0.0,0.314
mc_R011606_004_c3.txt,2,S1,5114.4,4925.7,3.83,49,24.0,0.279
mc_R011606_004_c3.txt,2,S2,5114.4,4925.7,3.83,49,0.0,0.298
mc_R011606_004_c3.txt,2,S3,5114.4,4925.7,3.83,49,24.0,0.294
mc_R011606_004_c3.txt,2,S4,5114.4,4925.7,3.83,49,0.0,0.295
mc_R011606_004_c3.txt,3,S1,5114.4,4996.0,2.37,49,32.0,0.302
mc_R011606_004_c3.txt,3,S2,5114.4,4996.0,2.37,49,0.0,0.293
mc_R011606_004_c3.txt,3,S3,5114.4,4996.0,2.37,49,32.0,0.319
mc_R011606_004_c3.txt,3,S4,5114.4,4996.0,2.37,49,0.0,0.302
mc_R011606_005_c2.txt,2,S1,4881.6,4758.6,2.58,42,21.0,0.262
mc_R011606_005_c2.txt,2,S2,4881.6,4758.6,2.58,42,0.0,0.251
mc_R011606_005_c2.txt,2,S3,4881.6,4758.6,2.58,42,21.0,0.271
mc_R011606_005_c2.txt,2,S4,4881.6,4758.6,2.58,42,0.0,0.26
mc_R011606_005_c2.txt,3,S1,4881.6,4825.2,1.17,42,28.0,0.488
mc_R011606_005_c2.txt,3,S2,4881.6,4825.2,1.17,42,0.0,0.276
mc_R011606_005_c2.txt,3,S3,4881.6,4825.2,1.17,42,28.0,0.285
mc_R011606_005_c2.txt,3,S4,4881.6,4825.2,1.17,42,0.0,0.274
mc_R011606_005_c3.txt,2,S1,4881.6,4758.6,2.58,42,21.0,0.274
mc_R011606_005_c3.txt,2,S2,4881.6,4758.6,2.58,42,0.0,0.281
mc_R011606_005_c3.txt,2,S3,4881.6,4758.6,2.58,42,21.0,0.261
mc_R011606_005_c3.txt,2,S4,4881.6,4758.6,2.58,42,0.0,0.256
mc_R011606_005_c3.txt,3,S1,4881.6,4825.2,1.17,42,28.0,0.275
mc_R011606_005_c3.txt,3,S2,4881.6,4825.2,1.17,42,0.0,0.26
mc_R011606_005_c3.txt,3,S3,4881.6,4825.2,1.17,42,28.0,0.246
mc_R011606_005_c3.txt,3,S4,4881.6,4825.2,1.17,42,0.0,0.249
mc_R011608_001_c2.txt,2,S1,6802.8,6440.5,5.62,69,34.0,0.472
mc_R011608_001_c2.txt,2,S2,6802.8,6440.5,5.62,69,0.0,0.455
mc_R011608_001_c2.txt,2,S3,6802.8,6440.5,5.62,69,34.0,0.544
mc_R011608_001_c2.txt,2,S4,6802.8,6440.5,5.62,69,0.0,0.443
mc_R011608_001_c2.txt,3,S1,6802.8,6538.6,4.04,69,46.0,0.458
mc_R011608_001_c2.txt,3,S2,6802.8,6538.6,4.04,69,0.0,0.451
mc_R011608_001_c2.txt,3,S3,6802.8,6538.6,4.04,69,46.0,0.461
mc_R011608_001_c2.txt,3,S4,6802.8,6538.6,4.04,69,0.0,0.434
mc_R011608_001_c3.txt,2,S1,6802.8,6440.5,5.62,69,34.0,0.432
mc_R011608_001_c3.txt,2,S2,6802.8,6440.5,5.62,69,0.0,0.473
mc_R011608_001_c3.txt,2,S3,6802.8,6440.5,5.62,69,34.0,0.438
mc_R011608_001_c3.txt,2,S4,6802.8,6440.5,5.62,69,0.0,0.425
mc_R011608_001_c3.txt,3,S1,6802.8,6538.6,4.04,69,46.0,0.427
mc_R011608_001_c3.txt,3,S2,6802.8,6538.6,4.04,69,0.0,0.448
mc_R011608_001_c3.txt,3,S3,6802.8,6538.6,4.04,69,46.0,0.464
mc_R011608_001_c3.txt,3,S4,6802.8,6538.6,4.04,69,0.0,0.433
mc_R011608_002_c2.txt,2,S1,6666.0,6366.8,4.7,64,32.0,0.446
mc_R011608_002_c2.txt,2,S2,6666.0,6366.8,4.7,64,0.0,0.376
mc_R011608_002_c2.txt,2,S3,6666.0,6366.8,4.7,64,32.0,0.419
mc_R011608_002_c2.txt,2,S4,6666.0,6366.8,4.7,64,0.0,0.412
mc_R011608_002_c2.txt,3,S1,6666.0,6457.4,3.23,64,42.0,0.428
mc_R011608_002_c2.txt,3,S2,6666.0,6457.4,3.23,64,0.0,0.415
mc_R011608_002_c2.txt,3,S3,6666.0,6457.4,3.23,64,42.0,0.396
mc_R011608_002_c2.txt,3,S4,6666.0,6457.4,3.23,64,0.0,0.434
mc_R011608_002_c3.txt,2,S1,6666.0,6366.8,4.7,64,32.0,0.419
mc_R011608_002_c3.txt,2,S2,6666.0,6366.8,4.7,64,0.0,0.398
mc_R011608_002_c3.txt,2,S3,6666.0,6366.8,4.7,64,32.0,0.422
mc_R011608_002_c3.txt,2,S4,6666.0,6366.8,4.7,64,0.0,0.41
mc_R011608_002_c3.txt,3,S1,6666.0,6457.4,3.23,64,42.0,0.405
mc_R011608_002_c3.txt,3,S2,6666.0,6457.4,3.23,64,0.0,0.387
mc_R011608_002_c3.txt,3,S3,6666.0,6457.4,3.23,64,42.0,0.429
mc_R011608_002_c3.txt,3,S4,6666.0,6457.4,3.23,64,0.0,0.397
mc_R011608_003_c2.txt,2,S1,6912.0,6675.0,3.55,70,35.0,0.453
mc_R011608_003_c2.txt,2,S2,6912.0,6675.0,3.55,70,0.0,0.433
mc_R011608_003_c2.txt,2,S3,6912.0,6675.0,3.55,70,35.0,0.435
mc_R011608_003_c2.txt,2,S4,6912.0,6675.0,3.55,70,0.0,0.449
mc_R011608_003_c2.txt,3,S1,6912.0,6771.2,2.08,70,46.0,0.491
mc_R011608_003_c2.txt,3,S2,6912.0,6771.2,2.08,70,0.0,0.472
mc_R011608_003_c2.txt,3,S3,6912.0,6771.2,2.08,70,46.0,0.467
mc_R011608_003_c2.txt,3,S4,6912.0,6771.2,2.08,70,0.0,0.456
mc_R011608_003_c3.txt,2,S1,6912.0,6675.0,3.55,70,35.0,0.461
mc_R011608_003_c3.txt,2,S2,6912.0,6675.0,3.55,70,0.0,0.441
mc_R011608_003_c3.txt,2,S3,6912.0,6675.0,3.55,70,35.0,0.523
mc_R011608_003_c3.txt,2,S4,6912.0,6675.0,3.55,70,0.0,0.497
mc_R011608_003_c3.txt,3,S1,6912.0,6771.2,2.08,70,46.0,0.449
mc_R011608_003_c3.txt,3,S2,6912.0,6771.2,2.08,70,0.0,0.452
mc_R011608_003_c3.txt,3,S3,6912.0,6771.2,2.08,70,46.0,0.438
mc_R011608_003_c3.txt,3,S4,6912.0,6771.2,2.08,70,0.0,0.455
mc_R011608_004_c2.txt,2,S1,6607.2,6528.1,1.21,63,31.0,0.426
mc_R011608_004_c2.txt,2,S2,6607.2,6528.1,1.21,63,0.0,0.422
mc_R011608_004_c2.txt,2,S3,6607.2,6528.1,1.21,63,31.0,0.442
mc_R011608_004_c2.txt,2,S4,6607.2,6528.1,1.21,63,0.0,0.428
mc_R011608_004_c2.txt,3,S1,6607.2,6626.2,-0.29,63,42.0,0.409
mc_R011608_004_c2.txt,3,S2,6607.2,6626.2,-0.29,63,0.0,0.41
mc_R011608_004_c2.txt,3,S3,6607.2,6626.2,-0.29,63,42.0,0.425
mc_R011608_004_c2.txt,3,S4,6607.2,6626.2,-0.29,63,0.0,0.412
mc_R011608_004_c3.txt,2,S1,6607.2,6528.1,1.21,63,31.0,0.431
mc_R011608_004_c3.txt,2,S2,6607.2,6528.1,1.21,63,0.0,0.406
mc_R011608_004_c3.txt,2,S3,6607.2,6528.1,1.21,63,31.0,0.414
mc_R011608_004_c3.txt,2,S4,6607.2,6528.1,1.21,63,0.0,0.777
mc_R011608_004_c3.txt,3,S1,6607.2,6626.2,-0.29,63,42.0,1.794
mc_R011608_004_c3.txt,3,S2,6607.2,6626.2,-0.29,63,0.0,0.429
mc_R011608_004_c3.txt,3,S3,6607.2,6626.2,-0.29,63,42.0,0.424
mc_R011608_004_c3.txt,3,S4,6607.2,6626.2,-0.29,63,0.0,0.415
mc_R011608_005_c2.txt,2,S1,6752.4,6474.1,4.3,64,32.0,0.425
mc_R011608_005_c2.txt,2,S2,6752.4,6474.1,4.3,64,0.0,0.464
mc_R011608_005_c2.txt,2,S3,6752.4,6474.1,4.3,64,32.0,0.61
mc_R011608_005_c2.txt,2,S4,6752.4,6474.1,4.3,64,0.0,0.612
mc_R011608_005_c2.txt,3,S1,6752.4,6572.2,2.74,64,42.0,0.585
mc_R011608_005_c2.txt,3,S2,6752.4,6572.2,2.74,64,0.0,0.542
mc_R011608_005_c2.txt,3,S3,6752.4,6572.2,2.74,64,42.0,0.59
mc_R011608_005_c2.txt,3,S4,6752.4,6572.2,2.74,64,0.0,0.578
mc_R011608_005_c3.txt,2,S1,6752.4,6474.1,4.3,64,32.0,0.751
mc_R011608_005_c3.txt,2,S2,6752.4,6474.1,4.3,64,0.0,0.758
mc_R011608_005_c3.txt,2,S3,6752.4,6474.1,4.3,64,32.0,0.761
mc_R011608_005_c3.txt,2,S4,6752.4,6474.1,4.3,64,0.0,0.655
mc_R011608_005_c3.txt,3,S1,6752.4,6572.2,2.74,64,42.0,0.57
mc_R011608_005_c3.txt,3,S2,6752.4,6572.2,2.74,64,0.0,0.562
mc_R011608_005_c3.txt,3,S3,6752.4,6572.2,2.74,64,42.0,0.648
mc_R011608_005_c3.txt,3,S4,6752.4,6572.2,2.74,64,0.0,0.572
mc_R021606_001_c2.txt,2,S1,12130.5,11315.4,7.2,82,42.0,0.826
mc_R021606_001_c2.txt,2,S2,12130.5,11315.4,7.2,82,0.0,0.931
mc_R021606_001_c2.txt,2,S3,12130.5,11315.4,7.2,82,42.0,0.824
mc_R021606_001_c2.txt,2,S4,12130.5,11315.4,7.2,82,0.0,0.827
mc_R021606_001_c2.txt,3,S1,12130.5,11441.2,6.02,82,52.0,0.8
mc_R021606_001_c2.txt,3,S2,12130.5,11441.2,6.02,82,0.0,0.981
mc_R021606_001_c2.txt,3,S3,12130.5,11441.2,6.02,82,52.0,0.984
mc_R021606_001_c2.txt,3,S4,12130.5,11441.2,6.02,82,0.0,0.907
mc_R021606_001_c3.txt,2,S1,12130.5,11315.4,7.2,82,42.0,0.832
mc_R021606_001_c3.txt,2,S2,12130.5,11315.4,7.2,82,0.0,0.858
mc_R021606_001_c3.txt,2,S3,12130.5,11315.4,7.2,82,42.0,0.735
mc_R021606_001_c3.txt,2,S4,12130.5,11315.4,7.2,82,0.0,0.819
mc_R021606_001_c3.txt,3,S1,12174.0,11441.2,6.4,82,52.0,0.801
mc_R021606_001_c3.txt,3,S2,12174.0,11441.2,6.4,82,0.0,0.788
mc_R021606_001_c3.txt,3,S3,12174.0,11441.2,6.4,82,52.0,0.797
mc_R021606_001_c3.txt,3,S4,12130.5,11441.2,6.02,82,0.0,0.906
mc_R021606_002_c2.txt,2,S1,11614.2,10754.5,7.99,77,35.0,0.767
mc_R021606_002_c2.txt,2,S2,11529.6,10754.5,7.21,77,0.0,0.781
mc_R021606_002_c2.txt,2,S3,11614.2,10754.5,7.99,77,35.0,0.785
mc_R021606_002_c2.txt,2,S4,11529.6,10754.5,7.21,77,0.0,1.215
mc_R021606_002_c2.txt,3,S1,11616.6,10860.0,6.97,77,48.0,1.19
mc_R021606_002_c2.txt,3,S2,11529.6,10860.0,6.17,77,0.0,1.815
mc_R021606_002_c2.txt,3,S3,11616.6,10860.0,6.97,77,48.0,1.956
mc_R021606_002_c2.txt,3,S4,11529.6,10860.0,6.17,77,0.0,0.735
mc_R021606_002_c3.txt,2,S1,11614.2,10754.5,7.99,77,35.0,0.808
mc_R021606_002_c3.txt,2,S2,11529.6,10754.5,7.21,77,0.0,0.785
mc_R021606_002_c3.txt,2,S3,11614.2,10754.5,7.99,77,35.0,0.812
mc_R021606_002_c3.txt,2,S4,11529.6,10754.5,7.21,77,0.0,0.87
mc_R021606_002_c3.txt,3,S1,11616.6,10860.0,6.97,77,48.0,0.857
mc_R021606_002_c3.txt,3,S2,11573.1,10860.0,6.57,77,0.0,0.764
mc_R021606_002_c3.txt,3,S3,11616.6,10860.0,6.97,77,48.0,0.754
mc_R021606_002_c3.txt,3,S4,11529.6,10860.0,6.17,77,0.0,0.745
mc_R021606_003_c2.txt,2,S1,11846.4,11438.0,3.57,82,45.0,0.761
mc_R021606_003_c2.txt,2,S2,11742.6,11438.0,2.66,82,0.0,0.8
mc_R021606_003_c2.txt,2,S3,11846.4,11438.0,3.57,82,45.0,0.798
mc_R021606_003_c2.txt,2,S4,11742.6,11438.0,2.66,82,0.0,0.782
mc_R021606_003_c2.txt,3,S1,11846.4,11569.3,2.4,82,55.0,0.764
mc_R021606_003_c2.txt,3,S2,11742.6,11569.3,1.5,82,0.0,0.788
mc_R021606_003_c2.txt,3,S3,11846.4,11569.3,2.4,82,55.0,0.77
mc_R021606_003_c2.txt,3,S4,11742.6,11569.3,1.5,82,0.0,0.781
mc_R021606_003_c3.txt,2,S1,11846.4,11438.0,3.57,82,45.0,0.81
mc_R021606_003_c3.txt,2,S2,11742.6,11438.0,2.66,82,0.0,0.878
mc_R021606_003_c3.txt,2,S3,11846.4,11438.0,3.57,82,45.0,0.873
mc_R021606_003_c3.txt,2,S4,11742.6,11438.0,2.66,82,0.0,0.795
mc_R021606_003_c3.txt,3,S1,11846.4,11569.3,2.4,82,55.0,0.782
mc_R021606_003_c3.txt,3,S2,11786.1,11569.3,1.87,82,0.0,0.763
mc_R021606_003_c3.txt,3,S3,11846.4,11569.3,2.4,82,55.0,0.806
mc_R021606_003_c3.txt,3,S4,11742.6,11569.3,1.5,82,0.0,0.795
mc_R021606_004_c2.txt,2,S1,12688.8,11691.8,8.53,98,50.0,0.894
mc_R021606_004_c2.txt,2,S2,12688.8,11691.8,8.53,98,0.0,0.915
mc_R021606_004_c2.txt,2,S3,12688.8,11691.8,8.53,98,50.0,0.958
mc_R021606_004_c2.txt,2,S4,12688.8,11691.8,8.53,98,0.0,0.928
mc_R021606_004_c2.txt,3,S1,12688.8,11837.9,7.19,98,66.0,0.925
mc_R021606_004_c2.txt,3,S2,12688.8,11837.9,7.19,98,0.0,0.917
mc_R021606_004_c2.txt,3,S3,12688.8,11837.9,7.19,98,66.0,0.902
mc_R021606_004_c2.txt,3,S4,12688.8,11837.9,7.19,98,0.0,0.916
mc_R021606_004_c3.txt,2,S1,12688.8,11691.8,8.53,98,50.0,0.932
mc_R021606_004_c3.txt,2,S2,12688.8,11691.8,8.53,98,0.0,0.946
mc_R021606_004_c3.txt,2,S3,12688.8,11691.8,8.53,98,50.0,0.93
mc_R021606_004_c3.txt,2,S4,12688.8,11691.8,8.53,98,0.0,0.939
mc_R021606_004_c3.txt,3,S1,12732.3,11837.9,7.56,98,66.0,0.979
mc_R021606_004_c3.txt,3,S2,12732.3,11837.9,7.56,98,0.0,0.915
mc_R021606_004_c3.txt,3,S3,12732.3,11837.9,7.56,98,66.0,0.952
mc_R021606_004_c3.txt,3,S4,12688.8,11837.9,7.19,98,0.0,0.94
mc_R021606_005_c2.txt,2,S1,11529.6,11238.9,2.59,86,41.0,0.918
mc_R021606_005_c2.txt,2,S2,11529.6,11238.9,2.59,86,0.0,1.019
mc_R021606_005_c2.txt,2,S3,11529.6,11238.9,2.59,86,41.0,0.855
mc_R021606_005_c2.txt,2,S4,11529.6,11238.9,2.59,86,0.0,0.837
mc_R021606_005_c2.txt,3,S1,11616.6,11368.4,2.18,86,61.0,0.848
mc_R021606_005_c2.txt,3,S2,11529.6,11368.4,1.42,86,0.0,0.856
mc_R021606_005_c2.txt,3,S3,11616.6,11368.4,2.18,86,61.0,0.856
mc_R021606_005_c2.txt,3,S4,11529.6,11368.4,1.42,86,0.0,0.864
mc_R021606_005_c3.txt,2,S1,11529.6,11238.9,2.59,86,41.0,0.883
mc_R021606_005_c3.txt,2,S2,11529.6,11238.9,2.59,86,0.0,0.898
mc_R021606_005_c3.txt,2,S3,11529.6,11238.9,2.59,86,41.0,0.876
mc_R021606_005_c3.txt,2,S4,11529.6,11238.9,2.59,86,0.0,0.915
mc_R021606_005_c3.txt,3,S1,11573.1,11368.4,1.8,86,61.0,0.862
mc_R021606_005_c3.txt,3,S2,11573.1,11368.4,1.8,86,0.0,0.881
mc_R021606_005_c3.txt,3,S3,11573.1,11368.4,1.8,86,61.0,0.877
mc_R021606_005_c3.txt,3,S4,11529.6,11368.4,1.42,86,0.0,0.882
mc_R021608_001_c2.txt,2,S1,17967.3,15641.0,14.87,158,75.0,1.754
mc_R021608_001_c2.txt,2,S2,17967.3,15641.0,14.87,158,0.0,1.532
mc_R021608_001_c2.txt,2,S3,17967.3,15641.0,14.87,158,75.0,1.564
mc_R021608_001_c2.txt,2,S4,17967.3,15641.0,14.87,158,0.0,1.631
mc_R021608_001_c2.txt,3,S1,17967.3,15853.7,13.33,158,109.0,1.58
mc_R021608_001_c2.txt,3,S2,17967.3,15853.7,13.33,158,0.0,1.343
mc_R021608_001_c2.txt,3,S3,17967.3,15853.7,13.33,158,109.0,1.361
mc_R021608_001_c2.txt,3,S4,17967.3,15853.7,13.33,158,0.0,1.381
mc_R021608_001_c3.txt,2,S1,17967.3,15641.0,14.87,158,75.0,1.361
mc_R021608_001_c3.txt,2,S2,17967.3,15641.0,14.87,158,0.0,1.384
mc_R021608_001_c3.txt,2,S3,17967.3,15641.0,14.87,158,75.0,1.368
mc_R021608_001_c3.txt,2,S4,17967.3,15641.0,14.87,158,0.0,1.363
mc_R021608_001_c3.txt,3,S1,17967.3,15853.7,13.33,158,109.0,1.368
mc_R021608_001_c3.txt,3,S2,18010.8,15853.7,13.61,158,0.0,1.338
mc_R021608_001_c3.txt,3,S3,17967.3,15853.7,13.33,158,109.0,1.423
mc_R021608_001_c3.txt,3,S4,17967.3,15853.7,13.33,158,0.0,1.365
mc_R021608_002_c2.txt,2,S1,17465.4,15133.7,15.41,146,68.0,1.255
mc_R021608_002_c2.txt,2,S2,17310.6,15133.7,14.38,146,0.0,1.267
mc_R021608_002_c2.txt,2,S3,17465.4,15133.7,15.41,146,68.0,1.259
mc_R021608_002_c2.txt,2,S4,17310.6,15133.7,14.38,146,0.0,1.281
mc_R021608_002_c2.txt,3,S1,17310.6,15353.8,12.74,146,96.0,1.301
mc_R021608_002_c2.txt,3,S2,17310.6,15353.8,12.74,146,0.0,1.292
mc_R021608_002_c2.txt,3,S3,17310.6,15353.8,12.74,146,96.0,1.237
mc_R021608_002_c2.txt,3,S4,17310.6,15353.8,12.74,146,0.0,1.257
mc_R021608_002_c3.txt,2,S1,17465.4,15133.7,15.41,146,68.0,1.27
mc_R021608_002_c3.txt,2,S2,17310.6,15133.7,14.38,146,0.0,1.264
mc_R021608_002_c3.txt,2,S3,17465.4,15133.7,15.41,146,68.0,1.262
mc_R021608_002_c3.txt,2,S4,17310.6,15133.7,14.38,146,0.0,1.256
mc_R021608_002_c3.txt,3,S1,17354.1,15353.8,13.03,146,96.0,1.24
mc_R021608_002_c3.txt,3,S2,17354.1,15353.8,13.03,146,0.0,1.277
mc_R021608_002_c3.txt,3,S3,17354.1,15353.8,13.03,146,96.0,1.265
mc_R021608_002_c3.txt,3,S4,17310.6,15353.8,12.74,146,0.0,1.235
mc_R021608_003_c2.txt,2,S1,17938.2,16095.9,11.45,147,77.0,1.297
mc_R021608_003_c2.txt,2,S2,17851.2,16095.9,10.91,147,0.0,1.294
mc_R021608_003_c2.txt,2,S3,17938.2,16095.9,11.45,147,77.0,1.279
mc_R021608_003_c2.txt,2,S4,17851.2,16095.9,10.91,147,0.0,1.285
mc_R021608_003_c2.txt,3,S1,17938.2,16303.1,10.03,147,100.0,1.255
mc_R021608_003_c2.txt,3,S2,17851.2,16303.1,9.5,147,0.0,1.269
mc_R021608_003_c2.txt,3,S3,17938.2,16303.1,10.03,147,100.0,1.266
mc_R021608_003_c2.txt,3,S4,17851.2,16303.1,9.5,147,0.0,1.295
mc_R021608_003_c3.txt,2,S1,17938.2,16095.9,11.45,147,77.0,1.318
mc_R021608_003_c3.txt,2,S2,17851.2,16095.9,10.91,147,0.0,1.34
mc_R021608_003_c3.txt,2,S3,17938.2,16095.9,11.45,147,77.0,1.268
mc_R021608_003_c3.txt,2,S4,17851.2,16095.9,10.91,147,0.0,1.248
mc_R021608_003_c3.txt,3,S1,17894.7,16303.1,9.76,147,100.0,1.238
mc_R021608_003_c3.txt,3,S2,17894.7,16303.1,9.76,147,0.0,1.263
mc_R021608_003_c3.txt,3,S3,17894.7,16303.1,9.76,147,100.0,1.242
mc_R021608_003_c3.txt,3,S4,17851.2,16303.1,9.5,147,0.0,1.235
mc_R021608_004_c2.txt,2,S1,17081.4,15524.0,10.03,139,72.0,1.202
mc_R021608_004_c2.txt,2,S2,17081.4,15524.0,10.03,139,0.0,1.144
mc_R021608_004_c2.txt,2,S3,17081.4,15524.0,10.03,139,72.0,1.254
mc_R021608_004_c2.txt,2,S4,17081.4,15524.0,10.03,139,0.0,1.193
mc_R021608_004_c2.txt,3,S1,17081.4,15733.0,8.57,139,92.0,1.195
mc_R021608_004_c2.txt,3,S2,17081.4,15733.0,8.57,139,0.0,1.195
mc_R021608_004_c2.txt,3,S3,17081.4,15733.0,8.57,139,92.0,1.173
mc_R021608_004_c2.txt,3,S4,17081.4,15733.0,8.57,139,0.0,1.195
mc_R021608_004_c3.txt,2,S1,17081.4,15524.0,10.03,139,72.0,1.188
mc_R021608_004_c3.txt,2,S2,17081.4,15524.0,10.03,139,0.0,1.182
mc_R021608_004_c3.txt,2,S3,17081.4,15524.0,10.03,139,72.0,1.19
mc_R021608_004_c3.txt,2,S4,17081.4,15524.0,10.03,139,0.0,1.179
mc_R021608_004_c3.txt,3,S1,17124.9,15733.0,8.85,139,92.0,1.173
mc_R021608_004_c3.txt,3,S2,17124.9,15733.0,8.85,139,0.0,1.189
mc_R021608_004_c3.txt,3,S3,17124.9,15733.0,8.85,139,92.0,1.191
mc_R021608_004_c3.txt,3,S4,17081.4,15733.0,8.57,139,0.0,1.149
mc_R021608_005_c2.txt,2,S1,17661.6,15828.3,11.58,146,69.0,1.245
mc_R021608_005_c2.txt,2,S2,17497.2,15828.3,10.54,146,0.0,1.228
mc_R021608_005_c2.txt,2,S3,17661.6,15828.3,11.58,146,69.0,1.229
mc_R021608_005_c2.txt,2,S4,17497.2,15828.3,10.54,146,0.0,1.268
mc_R021608_005_c2.txt,3,S1,17497.2,16050.3,9.01,146,100.0,1.223
mc_R021608_005_c2.txt,3,S2,17497.2,16050.3,9.01,146,0.0,1.251
mc_R021608_005_c2.txt,3,S3,17497.2,16050.3,9.01,146,100.0,1.234
mc_R021608_005_c2.txt,3,S4,17497.2,16050.3,9.01,146,0.0,1.312
mc_R021608_005_c3.txt,2,S1,17661.6,15828.3,11.58,146,69.0,1.267
mc_R021608_005_c3.txt,2,S2,17497.2,15828.3,10.54,146,0.0,1.286
mc_R021608_005_c3.txt,2,S3,17661.6,15828.3,11.58,146,69.0,1.305
mc_R021608_005_c3.txt,2,S4,17497.2,15828.3,10.54,146,0.0,1.29
mc_R021608_005_c3.txt,3,S1,17540.7,16050.3,9.29,146,100.0,1.305
mc_R021608_005_c3.txt,3,S2,17540.7,16050.3,9.29,146,0.0,1.281
mc_R021608_005_c3.txt,3,S3,17540.7,16050.3,9.29,146,100.0,1.269
mc_R021608_005_c3.txt,3,S4,17497.2,16050.3,9.01,146,0.0,1.316
mc_R041606_001_c2.txt,2,S1,30261.8,26817.4,12.84,194,85.0,2.127
mc_R041606_001_c2.txt,2,S2,30191.2,26817.4,12.58,194,0.0,2.013
mc_R041606_001_c2.txt,2,S3,30261.8,26817.4,12.84,194,85.0,2.03
mc_R041606_001_c2.txt,2,S4,30079.2,26817.4,12.16,194,0.0,2.053
mc_R041606_001_c2.txt,3,S1,29058.4,25958.8,11.94,194,116.0,1.941
mc_R041606_001_c2.txt,3,S2,29224.6,25958.8,12.58,194,0.0,2.07
mc_R041606_001_c2.txt,3,S3,29058.4,25958.8,11.94,194,116.0,1.931
mc_R041606_001_c2.txt,3,S4,28986.1,25958.8,11.66,194,0.0,1.96
mc_R041606_001_c3.txt,2,S1,30261.8,26817.4,12.84,194,85.0,2.039
mc_R041606_001_c3.txt,2,S2,30191.2,26817.4,12.58,194,0.0,1.932
mc_R041606_001_c3.txt,2,S3,30261.8,26817.4,12.84,194,85.0,1.954
mc_R041606_001_c3.txt,2,S4,30079.2,26817.4,12.16,194,0.0,1.942
mc_R041606_001_c3.txt,3,S1,29058.4,25958.8,11.94,194,116.0,1.952
mc_R041606_001_c3.txt,3,S2,29224.6,25958.8,12.58,194,0.0,1.896
mc_R041606_001_c3.txt,3,S3,29058.4,25958.8,11.94,194,116.0,2.061
mc_R041606_001_c3.txt,3,S4,28986.1,25958.8,11.66,194,0.0,2.325
mc_R041606_002_c2.txt,2,S1,28212.5,25689.1,9.82,171,71.0,1.713
mc_R041606_002_c2.txt,2,S2,28153.6,25689.1,9.59,171,1.0,1.733
mc_R041606_002_c2.txt,2,S3,28212.5,25689.1,9.82,171,71.0,1.675
mc_R041606_002_c2.txt,2,S4,28246.6,25689.1,9.96,171,0.0,2.135
mc_R041606_002_c2.txt,3,S1,27487.4,24916.9,10.32,171,108.0,6.433
mc_R041606_002_c2.txt,3,S2,27327.1,24916.9,9.67,171,1.0,4.424
mc_R041606_002_c2.txt,3,S3,27487.4,24916.9,10.32,171,108.0,4.432
mc_R041606_002_c2.txt,3,S4,27475.6,24916.9,10.27,171,0.0,4.377
mc_R041606_002_c3.txt,2,S1,28212.5,25689.1,9.82,171,71.0,4.392
mc_R041606_002_c3.txt,2,S2,28153.6,25689.1,9.59,171,1.0,4.393
mc_R041606_002_c3.txt,2,S3,28212.5,25689.1,9.82,171,71.0,4.372
mc_R041606_002_c3.txt,2,S4,28246.6,25689.1,9.96,171,0.0,4.363
mc_R041606_002_c3.txt,3,S1,27487.4,24916.9,10.32,171,108.0,4.476
mc_R041606_002_c3.txt,3,S2,27327.1,24916.9,9.67,171,1.0,3.393
mc_R041606_002_c3.txt,3,S3,27487.4,24916.9,10.32,171,108.0,1.591
mc_R041606_002_c3.txt,3,S4,27475.6,24916.9,10.27,171,0.0,1.279
mc_R041606_003_c2.txt,2,S1,28381.2,25977.8,9.25,160,68.0,1.235
mc_R041606_003_c2.txt,2,S2,28091.2,25977.8,8.14,160,0.0,1.977
mc_R041606_003_c2.txt,2,S3,28381.2,25977.8,9.25,160,68.0,1.816
mc_R041606_003_c2.txt,2,S4,28227.4,25977.8,8.66,160,0.0,1.682
mc_R041606_003_c2.txt,3,S1,27534.2,25248.8,9.05,160,99.0,1.703
mc_R041606_003_c2.txt,3,S2,26968.6,25248.8,6.81,160,0.0,1.707
mc_R041606_003_c2.txt,3,S3,27534.2,25248.8,9.05,160,99.0,1.804
mc_R041606_003_c2.txt,3,S4,27238.0,25248.8,7.88,160,0.0,1.825
mc_R041606_003_c3.txt,2,S1,28381.2,25977.8,9.25,160,68.0,1.884
mc_R041606_003_c3.txt,2,S2,28091.2,25977.8,8.14,160,0.0,1.62
mc_R041606_003_c3.txt,2,S3,28381.2,25977.8,9.25,160,68.0,1.597
mc_R041606_003_c3.txt,2,S4,28227.4,25977.8,8.66,160,0.0,1.718
mc_R041606_003_c3.txt,3,S1,27534.2,25248.8,9.05,160,99.0,1.681
mc_R041606_003_c3.txt,3,S2,26968.6,25248.8,6.81,160,0.0,1.622
mc_R041606_003_c3.txt,3,S3,27534.2,25248.8,9.05,160,99.0,1.681
mc_R041606_003_c3.txt,3,S4,27238.0,25248.8,7.88,160,0.0,1.659
mc_R041606_004_c2.txt,2,S1,28947.6,25698.4,12.64,178,75.0,1.835
mc_R041606_004_c2.txt,2,S2,28802.8,25698.4,12.08,178,0.0,3.213
mc_R041606_004_c2.txt,2,S3,28947.6,25698.4,12.64,178,75.0,5.899
mc_R041606_004_c2.txt,2,S4,28553.2,25698.4,11.11,178,0.0,4.558
mc_R041606_004_c2.txt,3,S1,27623.5,24910.0,10.89,178,104.0,4.566
mc_R041606_004_c2.txt,3,S2,27502.6,24910.0,10.41,178,0.0,4.55
mc_R041606_004_c2.txt,3,S3,27623.5,24910.0,10.89,178,104.0,4.64
mc_R041606_004_c2.txt,3,S4,27562.9,24910.0,10.65,178,0.0,4.387
mc_R041606_004_c3.txt,2,S1,28947.6,25698.4,12.64,178,75.0,1.277
mc_R041606_004_c3.txt,2,S2,28802.8,25698.4,12.08,178,0.0,1.249
mc_R041606_004_c3.txt,2,S3,28947.6,25698.4,12.64,178,75.0,1.262
mc_R041606_004_c3.txt,2,S4,28553.2,25698.4,11.11,178,0.0,1.975
mc_R041606_004_c3.txt,3,S1,27623.5,24910.0,10.89,178,104.0,1.954
mc_R041606_004_c3.txt,3,S2,27502.6,24910.0,10.41,178,0.0,1.928
mc_R041606_004_c3.txt,3,S3,27623.5,24910.0,10.89,178,104.0,1.878
mc_R041606_004_c3.txt,3,S4,27562.9,24910.0,10.65,178,0.0,1.946
mc_R041606_005_c2.txt,2,S1,28802.4,26250.4,9.72,172,73.0,1.817
mc_R041606_005_c2.txt,2,S2,28897.8,26250.4,10.09,172,0.0,1.816
mc_R041606_005_c2.txt,2,S3,28802.4,26250.4,9.72,172,73.0,2.003
mc_R041606_005_c2.txt,2,S4,28961.3,26250.4,10.33,172,0.0,1.783
mc_R041606_005_c2.txt,3,S1,28245.4,25435.0,11.05,172,106.0,1.721
mc_R041606_005_c2.txt,3,S2,27914.1,25435.0,9.75,172,0.0,1.701
mc_R041606_005_c2.txt,3,S3,28245.4,25435.0,11.05,172,106.0,1.78
mc_R041606_005_c2.txt,3,S4,28149.6,25435.0,10.67,172,0.0,1.77
mc_R041606_005_c3.txt,2,S1,28802.4,26250.4,9.72,172,73.0,1.741
mc_R041606_005_c3.txt,2,S2,28897.8,26250.4,10.09,172,0.0,1.723
mc_R041606_005_c3.txt,2,S3,28802.4,26250.4,9.72,172,73.0,1.709
mc_R041606_005_c3.txt,2,S4,28961.3,26250.4,10.33,172,0.0,1.669
mc_R041606_005_c3.txt,3,S1,28245.4,25435.0,11.05,172,106.0,1.742
mc_R041606_005_c3.txt,3,S2,27914.1,25435.0,9.75,172,0.0,1.729
mc_R041606_005_c3.txt,3,S3,28245.4,25435.0,11.05,172,106.0,1.732
mc_R041606_005_c3.txt,3,S4,28149.6,25435.0,10.67,172,0.0,1.753
mc_R041608_001_c2.txt,2,S1,41884.9,36026.6,16.26,299,133.0,3.061
mc_R041608_001_c2.txt,2,S2,41683.5,36026.6,15.7,299,0.0,2.96
mc_R041608_001_c2.txt,2,S3,41884.9,36026.6,16.26,299,133.0,3.001
mc_R041608_001_c2.txt,2,S4,41568.5,36026.6,15.38,299,0.0,3.044
mc_R041608_001_c2.txt,3,S1,40231.3,34827.8,15.51,299,188.0,2.971
mc_R041608_001_c2.txt,3,S2,40302.3,34827.8,15.72,299,0.0,3.019
mc_R041608_001_c2.txt,3,S3,40231.3,34827.8,15.51,299,188.0,2.931
mc_R041608_001_c2.txt,3,S4,40128.3,34827.8,15.22,299,0.0,3.05
mc_R041608_001_c3.txt,2,S1,41884.9,36026.6,16.26,299,133.0,3.018
mc_R041608_001_c3.txt,2,S2,41683.5,36026.6,15.7,299,0.0,2.988
mc_R041608_001_c3.txt,2,S3,41884.9,36026.6,16.26,299,133.0,3.013
mc_R041608_001_c3.txt,2,S4,41568.5,36026.6,15.38,299,0.0,2.998
mc_R041608_001_c3.txt,3,S1,40231.3,34827.8,15.51,299,188.0,3.239
mc_R041608_001_c3.txt,3,S2,40302.3,34827.8,15.72,299,0.0,3.165
mc_R041608_001_c3.txt,3,S3,40231.3,34827.8,15.51,299,188.0,2.985
mc_R041608_001_c3.txt,3,S4,40128.3,34827.8,15.22,299,0.0,2.955
mc_R041608_002_c2.txt,2,S1,42335.5,35433.2,19.48,320,142.0,3.111
mc_R041608_002_c2.txt,2,S2,42123.3,35433.2,18.88,320,0.0,3.24
mc_R041608_002_c2.txt,2,S3,42335.5,35433.2,19.48,320,142.0,3.147
mc_R041608_002_c2.txt,2,S4,41904.3,35433.2,18.26,320,0.0,3.138
mc_R041608_002_c2.txt,3,S1,40657.3,34153.4,19.04,320,200.0,3.191
mc_R041608_002_c2.txt,3,S2,40619.1,34153.4,18.93,320,0.0,3.142
mc_R041608_002_c2.txt,3,S3,40657.3,34153.4,19.04,320,200.0,3.222
mc_R041608_002_c2.txt,3,S4,40805.1,34153.4,19.48,320,0.0,3.483
mc_R041608_002_c3.txt,2,S1,42335.5,35433.2,19.48,320,142.0,3.315
mc_R041608_002_c3.txt,2,S2,42123.3,35433.2,18.88,320,0.0,3.126
mc_R041608_002_c3.txt,2,S3,42335.5,35433.2,19.48,320,142.0,3.272
mc_R041608_002_c3.txt,2,S4,41904.3,35433.2,18.26,320,0.0,3.231
mc_R041608_002_c3.txt,3,S1,40657.3,34153.4,19.04,320,200.0,3.242
mc_R041608_002_c3.txt,3,S2,40619.1,34153.4,18.93,320,0.0,3.224
mc_R041608_002_c3.txt,3,S3,40657.3,34153.4,19.04,320,200.0,3.363
mc_R041608_002_c3.txt,3,S4,40805.1,34153.4,19.48,320,0.0,3.307
mc_R041608_003_c2.txt,2,S1,40805.6,34944.0,16.77,286,118.0,2.985
mc_R041608_003_c2.txt,2,S2,40533.7,34944.0,16.0,286,1.0,2.989
mc_R041608_003_c2.txt,2,S3,40805.6,34944.0,16.77,286,118.0,2.955
mc_R041608_003_c2.txt,2,S4,40605.7,34944.0,16.2,286,0.0,3.011
mc_R041608_003_c2.txt,3,S1,39066.6,33739.8,15.79,286,174.0,3.0
mc_R041608_003_c2.txt,3,S2,38989.3,33739.8,15.56,286,1.0,3.105
mc_R041608_003_c2.txt,3,S3,39066.6,33739.8,15.79,286,174.0,3.607
mc_R041608_003_c2.txt,3,S4,39309.4,33739.8,16.51,286,0.0,3.273
mc_R041608_003_c3.txt,2,S1,40805.6,34944.0,16.77,286,118.0,3.241
mc_R041608_003_c3.txt,2,S2,40533.7,34944.0,16.0,286,1.0,3.054
mc_R041608_003_c3.txt,2,S3,40805.6,34944.0,16.77,286,118.0,3.064
mc_R041608_003_c3.txt,2,S4,40605.7,34944.0,16.2,286,0.0,3.073
mc_R041608_003_c3.txt,3,S1,39066.6,33739.8,15.79,286,174.0,3.161
mc_R041608_003_c3.txt,3,S2,38989.3,33739.8,15.56,286,1.0,3.128
mc_R041608_003_c3.txt,3,S3,39066.6,33739.8,15.79,286,174.0,3.096
mc_R041608_003_c3.txt,3,S4,39309.4,33739.8,16.51,286,0.0,3.246
mc_R041608_004_c2.txt,2,S1,41342.6,35752.1,15.64,296,127.0,3.603
mc_R041608_004_c2.txt,2,S2,41387.3,35752.1,15.76,296,2.0,3.096
mc_R041608_004_c2.txt,2,S3,41342.6,35752.1,15.64,296,127.0,3.024
mc_R041608_004_c2.txt,2,S4,41463.1,35752.1,15.97,296,0.0,3.073
mc_R041608_004_c2.txt,3,S1,40075.5,34488.5,16.2,296,180.0,3.065
mc_R041608_004_c2.txt,3,S2,39902.9,34488.5,15.7,296,3.0,2.973
mc_R041608_004_c2.txt,3,S3,40075.5,34488.5,16.2,296,180.0,3.029
mc_R041608_004_c2.txt,3,S4,40225.5,34488.5,16.63,296,0.0,3.073
mc_R041608_004_c3.txt,2,S1,41342.6,35752.1,15.64,296,127.0,3.104
mc_R041608_004_c3.txt,2,S2,41387.3,35752.1,15.76,296,2.0,3.072
mc_R041608_004_c3.txt,2,S3,41342.6,35752.1,15.64,296,127.0,3.335
mc_R041608_004_c3.txt,2,S4,41463.1,35752.1,15.97,296,0.0,3.086
mc_R041608_004_c3.txt,3,S1,40075.5,34488.5,16.2,296,180.0,3.119
mc_R041608_004_c3.txt,3,S2,39902.9,34488.5,15.7,296,3.0,3.17
mc_R041608_004_c3.txt,3,S3,40075.5,34488.5,16.2,296,180.0,3.098
mc_R041608_004_c3.txt,3,S4,40225.5,34488.5,16.63,296,0.0,3.26
mc_R041608_005_c2.txt,2,S1,40920.0,35559.6,15.07,308,141.0,3.326
mc_R041608_005_c2.txt,2,S2,41249.6,35559.6,16.0,308,0.0,3.32
mc_R041608_005_c2.txt,2,S3,40920.0,35559.6,15.07,308,141.0,3.334
mc_R041608_005_c2.txt,2,S4,41064.8,35559.6,15.48,308,0.0,3.48
mc_R041608_005_c2.txt,3,S1,39833.1,34279.8,16.2,308,191.0,5.952
mc_R041608_005_c2.txt,3,S2,39816.2,34279.8,16.15,308,0.0,3.26
mc_R041608_005_c2.txt,3,S3,39833.1,34279.8,16.2,308,191.0,3.287
mc_R041608_005_c2.txt,3,S4,40173.8,34279.8,17.19,308,0.0,3.292
mc_R041608_005_c3.txt,2,S1,40920.0,35559.6,15.07,308,141.0,3.261
mc_R041608_005_c3.txt,2,S2,41249.6,35559.6,16.0,308,0.0,3.336
mc_R041608_005_c3.txt,2,S3,40920.0,35559.6,15.07,308,141.0,3.363
mc_R041608_005_c3.txt,2,S4,41064.8,35559.6,15.48,308,0.0,3.438
mc_R041608_005_c3.txt,3,S1,39833.1,34279.8,16.2,308,191.0,3.398
mc_R041608_005_c3.txt,3,S2,39816.2,34279.8,16.15,308,0.0,3.41
mc_R041608_005_c3.txt,3,S3,39833.1,34279.8,16.2,308,191.0,3.696
mc_R041608_005_c3.txt,3,S4,40173.8,34279.8,17.19,308,0.0,3.496
mc_R061606_001_c2.txt,2,S1,47880.7,42978.5,11.41,279,104.0,3.659
mc_R061606_001_c2.txt,2,S2,47633.3,42978.5,10.83,279,0.0,3.529
mc_R061606_001_c2.txt,2,S3,47880.7,42978.5,11.41,279,104.0,3.498
mc_R061606_001_c2.txt,2,S4,47655.9,42978.5,10.88,279,0.0,3.652
mc_R061606_001_c2.txt,3,S1,46644.2,41736.5,11.76,279,139.0,3.55
mc_R061606_001_c2.txt,3,S2,46300.9,41736.5,10.94,279,0.0,3.552
mc_R061606_001_c2.txt,3,S3,46644.2,41736.5,11.76,279,139.0,3.536
mc_R061606_001_c2.txt,3,S4,46421.8,41736.5,11.23,279,0.0,3.673
mc_R061606_001_c3.txt,2,S1,47880.7,42978.5,11.41,279,104.0,3.603
mc_R061606_001_c3.txt,2,S2,47633.3,42978.5,10.83,279,0.0,3.609
mc_R061606_001_c3.txt,2,S3,47880.7,42978.5,11.41,279,104.0,3.609
mc_R061606_001_c3.txt,2,S4,47655.9,42978.5,10.88,279,0.0,3.458
mc_R061606_001_c3.txt,3,S1,46644.2,41736.5,11.76,279,139.0,3.378
mc_R061606_001_c3.txt,3,S2,46300.9,41736.5,10.94,279,0.0,3.335
mc_R061606_001_c3.txt,3,S3,46644.2,41736.5,11.76,279,139.0,3.324
mc_R061606_001_c3.txt,3,S4,46421.8,41736.5,11.23,279,0.0,3.416
mc_R061606_002_c2.txt,2,S1,47826.6,42349.0,12.93,278,106.0,3.314
mc_R061606_002_c2.txt,2,S2,47157.8,42349.0,11.36,278,0.0,3.259
mc_R061606_002_c2.txt,2,S3,47826.6,42349.0,12.93,278,106.0,3.349
mc_R061606_002_c2.txt,2,S4,47214.8,42349.0,11.49,278,0.0,3.315
mc_R061606_002_c2.txt,3,S1,46796.4,41139.4,13.75,278,162.0,3.4
mc_R061606_002_c2.txt,3,S2,46490.6,41139.4,13.01,278,0.0,3.357
mc_R061606_002_c2.txt,3,S3,46796.4,41139.4,13.75,278,162.0,3.286
mc_R061606_002_c2.txt,3,S4,46079.2,41139.4,12.01,278,0.0,3.317
mc_R061606_002_c3.txt,2,S1,47826.6,42349.0,12.93,278,106.0,3.432
mc_R061606_002_c3.txt,2,S2,47157.8,42349.0,11.36,278,0.0,3.354
mc_R061606_002_c3.txt,2,S3,47826.6,42349.0,12.93,278,106.0,3.312
mc_R061606_002_c3.txt,2,S4,47214.8,42349.0,11.49,278,0.0,3.366
mc_R061606_002_c3.txt,3,S1,46796.4,41139.4,13.75,278,162.0,3.418
mc_R061606_002_c3.txt,3,S2,46490.6,41139.4,13.01,278,0.0,3.282
mc_R061606_002_c3.txt,3,S3,46796.4,41139.4,13.75,278,162.0,3.395
mc_R061606_002_c3.txt,3,S4,46079.2,41139.4,12.01,278,0.0,3.35
mc_R061606_003_c2.txt,2,S1,47156.1,42178.8,11.8,267,101.0,3.224
mc_R061606_003_c2.txt,2,S2,46566.9,42178.8,10.4,267,1.0,3.084
mc_R061606_003_c2.txt,2,S3,47156.1,42178.8,11.8,267,101.0,3.096
mc_R061606_003_c2.txt,2,S4,46712.5,42178.8,10.75,267,0.0,3.06
mc_R061606_003_c2.txt,3,S1,45799.5,40958.4,11.82,267,149.0,3.084
mc_R061606_003_c2.txt,3,S2,45779.8,40958.4,11.77,267,0.0,3.174
mc_R061606_003_c2.txt,3,S3,45799.5,40958.4,11.82,267,149.0,3.089
mc_R061606_003_c2.txt,3,S4,45636.8,40958.4,11.42,267,0.0,3.127
mc_R061606_003_c3.txt,2,S1,47156.1,42178.8,11.8,267,101.0,3.254
mc_R061606_003_c3.txt,2,S2,46566.9,42178.8,10.4,267,1.0,3.144
mc_R061606_003_c3.txt,2,S3,47156.1,42178.8,11.8,267,101.0,3.203
mc_R061606_003_c3.txt,2,S4,46712.5,42178.8,10.75,267,0.0,3.112
mc_R061606_003_c3.txt,3,S1,45799.5,40958.4,11.82,267,149.0,3.117
mc_R061606_003_c3.txt,3,S2,45779.8,40958.4,11.77,267,0.0,3.152
mc_R061606_003_c3.txt,3,S3,45799.5,40958.4,11.82,267,149.0,3.245
mc_R061606_003_c3.txt,3,S4,45636.8,40958.4,11.42,267,0.0,3.99
mc_R061606_004_c2.txt,2,S1,46375.1,42001.8,10.41,261,96.0,3.353
mc_R061606_004_c2.txt,2,S2,45930.7,42001.8,9.35,261,4.0,3.159
mc_R061606_004_c2.txt,2,S3,46375.1,42001.8,10.41,261,96.0,3.257
mc_R061606_004_c2.txt,2,S4,46128.9,42001.8,9.83,261,0.0,3.313
mc_R061606_004_c2.txt,3,S1,45372.2,40824.6,11.14,261,143.0,3.431
mc_R061606_004_c2.txt,3,S2,44897.2,40824.6,9.98,261,2.0,3.188
mc_R061606_004_c2.txt,3,S3,45372.2,40824.6,11.14,261,143.0,3.293
mc_R061606_004_c2.txt,3,S4,45168.0,40824.6,10.64,261,0.0,3.352
mc_R061606_004_c3.txt,2,S1,46375.1,42001.8,10.41,261,96.0,3.318
mc_R061606_004_c3.txt,2,S2,45930.7,42001.8,9.35,261,4.0,3.221
mc_R061606_004_c3.txt,2,S3,46375.1,42001.8,10.41,261,96.0,3.14
mc_R061606_004_c3.txt,2,S4,46128.9,42001.8,9.83,261,0.0,3.17
mc_R061606_004_c3.txt,3,S1,45372.2,40824.6,11.14,261,143.0,3.162
mc_R061606_004_c3.txt,3,S2,44897.2,40824.6,9.98,261,2.0,3.181
mc_R061606_004_c3.txt,3,S3,45372.2,40824.6,11.14,261,143.0,3.179
mc_R061606_004_c3.txt,3,S4,45168.0,40824.6,10.64,261,0.0,3.215
mc_R061606_005_c2.txt,2,S1,47906.3,42379.3,13.04,275,107.0,3.359
mc_R061606_005_c2.txt,2,S2,47427.9,42379.3,11.91,275,0.0,3.36
mc_R061606_005_c2.txt,2,S3,47906.3,42379.3,13.04,275,107.0,3.36
mc_R061606_005_c2.txt,2,S4,47696.5,42379.3,12.55,275,0.0,3.424
mc_R061606_005_c2.txt,3,S1,46713.2,41137.3,13.55,275,153.0,3.397
mc_R061606_005_c2.txt,3,S2,46367.7,41137.3,12.71,275,1.0,3.471
mc_R061606_005_c2.txt,3,S3,46713.2,41137.3,13.55,275,153.0,3.508
mc_R061606_005_c2.txt,3,S4,46446.1,41137.3,12.91,275,0.0,3.523
mc_R061606_005_c3.txt,2,S1,47906.3,42379.3,13.04,275,107.0,4.499
mc_R061606_005_c3.txt,2,S2,47427.9,42379.3,11.91,275,0.0,4.029
mc_R061606_005_c3.txt,2,S3,47906.3,42379.3,13.04,275,107.0,3.625
mc_R061606_005_c3.txt,2,S4,47696.5,42379.3,12.55,275,0.0,3.632
mc_R061606_005_c3.txt,3,S1,46713.2,41137.3,13.55,275,153.0,3.681
mc_R061606_005_c3.txt,3,S2,46367.7,41137.3,12.71,275,1.0,3.611
mc_R061606_005_c3.txt,3,S3,46713.2,41137.3,13.55,275,153.0,3.651
mc_R061606_005_c3.txt,3,S4,46446.1,41137.3,12.91,275,0.0,4.565
mc_R061608_001_c2.txt,2,S1,66807.5,56612.8,18.01,462,186.0,6.549
mc_R061608_001_c2.txt,2,S2,66368.1,56612.8,17.23,462,1.0,6.255
mc_R061608_001_c2.txt,2,S3,66807.5,56612.8,18.01,462,186.0,5.979
mc_R061608_001_c2.txt,2,S4,66434.7,56612.8,17.35,462,0.0,5.735
mc_R061608_001_c2.txt,3,S1,65427.8,54809.2,19.37,462,256.0,5.681
mc_R061608_001_c2.txt,3,S2,65422.6,54809.2,19.36,462,2.0,5.741
mc_R061608_001_c2.txt,3,S3,65427.8,54809.2,19.37,462,256.0,5.792
mc_R061608_001_c2.txt,3,S4,65052.0,54809.2,18.69,462,0.0,5.763
mc_R061608_001_c3.txt,2,S1,66807.5,56612.8,18.01,462,186.0,5.76
mc_R061608_001_c3.txt,2,S2,66368.1,56612.8,17.23,462,1.0,5.66
mc_R061608_001_c3.txt,2,S3,66807.5,56612.8,18.01,462,186.0,5.784
mc_R061608_001_c3.txt,2,S4,66434.7,56612.8,17.35,462,0.0,5.662
mc_R061608_001_c3.txt,3,S1,65427.8,54809.2,19.37,462,256.0,5.774
mc_R061608_001_c3.txt,3,S2,65422.6,54809.2,19.36,462,2.0,5.558
mc_R061608_001_c3.txt,3,S3,65427.8,54809.2,19.37,462,256.0,5.645
mc_R061608_001_c3.txt,3,S4,65052.0,54809.2,18.69,462,0.0,5.556
mc_R061608_002_c2.txt,2,S1,67067.6,56782.6,18.11,457,182.0,5.424
mc_R061608_002_c2.txt,2,S2,66205.2,56782.6,16.59,457,0.0,5.454
mc_R061608_002_c2.txt,2,S3,67067.6,56782.6,18.11,457,182.0,5.48
mc_R061608_002_c2.txt,2,S4,66447.4,56782.6,17.02,457,0.0,5.456
mc_R061608_002_c2.txt,3,S1,65553.4,55016.8,19.15,457,259.0,5.53
mc_R061608_002_c2.txt,3,S2,65109.2,55016.8,18.34,457,1.0,5.474
mc_R061608_002_c2.txt,3,S3,65553.4,55016.8,19.15,457,259.0,5.534
mc_R061608_002_c2.txt,3,S4,65388.4,55016.8,18.85,457,0.0,5.578
mc_R061608_002_c3.txt,2,S1,67067.6,56782.6,18.11,457,182.0,5.57
mc_R061608_002_c3.txt,2,S2,66205.2,56782.6,16.59,457,0.0,5.681
mc_R061608_002_c3.txt,2,S3,67067.6,56782.6,18.11,457,182.0,5.828
mc_R061608_002_c3.txt,2,S4,66447.4,56782.6,17.02,457,0.0,5.675
mc_R061608_002_c3.txt,3,S1,65553.4,55016.8,19.15,457,259.0,5.568
mc_R061608_002_c3.txt,3,S2,65109.2,55016.8,18.34,457,1.0,5.491
mc_R061608_002_c3.txt,3,S3,65553.4,55016.8,19.15,457,259.0,5.57
mc_R061608_002_c3.txt,3,S4,65388.4,55016.8,18.85,457,0.0,5.743
mc_R061608_003_c2.txt,2,S1,66295.5,56995.2,16.32,439,179.0,6.121
mc_R061608_003_c2.txt,2,S2,65802.7,56995.2,15.45,439,0.0,5.787
mc_R061608_003_c2.txt,2,S3,66295.5,56995.2,16.32,439,179.0,5.573
mc_R061608_003_c2.txt,2,S4,66135.7,56995.2,16.04,439,0.0,5.58
mc_R061608_003_c2.txt,3,S1,64981.6,55143.0,17.84,439,246.0,5.687
mc_R061608_003_c2.txt,3,S2,64807.4,55143.0,17.53,439,0.0,5.754
mc_R061608_003_c2.txt,3,S3,64981.6,55143.0,17.84,439,246.0,5.95
mc_R061608_003_c2.txt,3,S4,64592.5,55143.0,17.14,439,0.0,5.866
mc_R061608_003_c3.txt,2,S1,66295.5,56995.2,16.32,439,179.0,6.046
mc_R061608_003_c3.txt,2,S2,65802.7,56995.2,15.45,439,0.0,5.785
mc_R061608_003_c3.txt,2,S3,66295.5,56995.2,16.32,439,179.0,5.608
mc_R061608_003_c3.txt,2,S4,66135.7,56995.2,16.04,439,0.0,5.749
mc_R061608_003_c3.txt,3,S1,64981.6,55143.0,17.84,439,246.0,5.611
mc_R061608_003_c3.txt,3,S2,64807.4,55143.0,17.53,439,0.0,5.882
mc_R061608_003_c3.txt,3,S3,64981.6,55143.0,17.84,439,246.0,5.62
mc_R061608_003_c3.txt,3,S4,64592.5,55143.0,17.14,439,0.0,5.601
mc_R061608_004_c2.txt,2,S1,66854.2,57582.4,16.1,456,187.0,5.827
mc_R061608_004_c2.txt,2,S2,66528.9,57582.4,15.54,456,0.0,8.061
mc_R061608_004_c2.txt,2,S3,66854.2,57582.4,16.1,456,187.0,5.938
mc_R061608_004_c2.txt,2,S4,66548.9,57582.4,15.57,456,0.0,5.824
mc_R061608_004_c2.txt,3,S1,65147.2,55789.6,16.77,456,263.0,5.911
mc_R061608_004_c2.txt,3,S2,65035.2,55789.6,16.57,456,0.0,6.03
mc_R061608_004_c2.txt,3,S3,65147.2,55789.6,16.77,456,263.0,6.198
mc_R061608_004_c2.txt,3,S4,65068.5,55789.6,16.63,456,0.0,6.345
mc_R061608_004_c3.txt,2,S1,66854.2,57582.4,16.1,456,187.0,5.601
mc_R061608_004_c3.txt,2,S2,66528.9,57582.4,15.54,456,0.0,5.621
mc_R061608_004_c3.txt,2,S3,66854.2,57582.4,16.1,456,187.0,5.719
mc_R061608_004_c3.txt,2,S4,66548.9,57582.4,15.57,456,0.0,5.489
mc_R061608_004_c3.txt,3,S1,65147.2,55789.6,16.77,456,263.0,6.142
mc_R061608_004_c3.txt,3,S2,65035.2,55789.6,16.57,456,0.0,5.586
mc_R061608_004_c3.txt,3,S3,65147.2,55789.6,16.77,456,263.0,5.614
mc_R061608_004_c3.txt,3,S4,65068.5,55789.6,16.63,456,0.0,5.699
mc_R061608_005_c2.txt,2,S1,67620.8,58378.2,15.83,459,189.0,5.749
mc_R061608_005_c2.txt,2,S2,67117.4,58378.2,14.97,459,1.0,5.732
mc_R061608_005_c2.txt,2,S3,67620.8,58378.2,15.83,459,189.0,5.749
mc_R061608_005_c2.txt,2,S4,67243.6,58378.2,15.19,459,0.0,5.773
mc_R061608_005_c2.txt,3,S1,66281.9,56520.6,17.27,459,257.0,5.893
mc_R061608_005_c2.txt,3,S2,65577.1,56520.6,16.02,459,3.0,5.789
mc_R061608_005_c2.txt,3,S3,66281.9,56520.6,17.27,459,257.0,5.73
mc_R061608_005_c2.txt,3,S4,66022.1,56520.6,16.81,459,0.0,5.668
mc_R061608_005_c3.txt,2,S1,67620.8,58378.2,15.83,459,189.0,5.518
mc_R061608_005_c3.txt,2,S2,67117.4,58378.2,14.97,459,1.0,5.595
mc_R061608_005_c3.txt,2,S3,67620.8,58378.2,15.83,459,189.0,5.506
mc_R061608_005_c3.txt,2,S4,67243.6,58378.2,15.19,459,0.0,5.643
mc_R061608_005_c3.txt,3,S1,66281.9,56520.6,17.27,459,257.0,5.953
mc_R061608_005_c3.txt,3,S2,65577.1,56520.6,16.02,459,3.0,5.612
mc_R061608_005_c3.txt,3,S3,66281.9,56520.6,17.27,459,257.0,5.712
mc_R061608_005_c3.txt,3,S4,66022.1,56520.6,16.81,459,0.0,5.92
mc_R081606_001_c2.txt,2,S1,64725.1,58691.7,10.28,350,130.0,5.244
mc_R081606_001_c2.txt,2,S2,64079.1,58691.7,9.18,350,2.0,4.854
mc_R081606_001_c2.txt,2,S3,64725.1,58691.7,10.28,350,130.0,4.787
mc_R081606_001_c2.txt,2,S4,64025.5,58691.7,9.09,350,0.0,4.981
mc_R081606_001_c2.txt,3,S1,63557.7,57077.1,11.35,350,186.0,5.779
mc_R081606_001_c2.txt,3,S2,63135.3,57077.1,10.61,350,2.0,5.011
mc_R081606_001_c2.txt,3,S3,63557.7,57077.1,11.35,350,186.0,5.072
mc_R081606_001_c2.txt,3,S4,62899.2,57077.1,10.2,350,0.0,5.052
mc_R081606_001_c3.txt,2,S1,64725.1,58691.7,10.28,350,130.0,5.091
mc_R081606_001_c3.txt,2,S2,64079.1,58691.7,9.18,350,2.0,5.145
mc_R081606_001_c3.txt,2,S3,64725.1,58691.7,10.28,350,130.0,5.202
mc_R081606_001_c3.txt,2,S4,64025.5,58691.7,9.09,350,0.0,5.189
mc_R081606_001_c3.txt,3,S1,63561.2,57077.1,11.36,350,186.0,5.203
mc_R081606_001_c3.txt,3,S2,63131.8,57077.1,10.61,350,2.0,5.216
mc_R081606_001_c3.txt,3,S3,63561.2,57077.1,11.36,350,186.0,5.284
mc_R081606_001_c3.txt,3,S4,62895.7,57077.1,10.19,350,0.0,5.494
mc_R081606_002_c2.txt,2,S1,65592.1,58859.1,11.44,343,123.0,4.887
mc_R081606_002_c2.txt,2,S2,64874.0,58859.1,10.22,343,2.0,4.851
mc_R081606_002_c2.txt,2,S3,65592.1,58859.1,11.44,343,123.0,4.876
mc_R081606_002_c2.txt,2,S4,64435.1,58859.1,9.47,343,0.0,4.807
mc_R081606_002_c2.txt,3,S1,64862.1,57217.5,13.36,343,173.0,4.872
mc_R081606_002_c2.txt,3,S2,64118.0,57217.5,12.06,343,2.0,4.911
mc_R081606_002_c2.txt,3,S3,64862.1,57217.5,13.36,343,173.0,4.794
mc_R081606_002_c2.txt,3,S4,63685.9,57217.5,11.3,343,0.0,4.865
mc_R081606_002_c3.txt,2,S1,65592.1,58859.1,11.44,343,123.0,4.881
mc_R081606_002_c3.txt,2,S2,64874.0,58859.1,10.22,343,2.0,4.803
mc_R081606_002_c3.txt,2,S3,65592.1,58859.1,11.44,343,123.0,4.937
mc_R081606_002_c3.txt,2,S4,64435.1,58859.1,9.47,343,0.0,5.164
mc_R081606_002_c3.txt,3,S1,64865.6,57217.5,13.37,343,173.0,4.932
mc_R081606_002_c3.txt,3,S2,64114.5,57217.5,12.05,343,2.0,5.022
mc_R081606_002_c3.txt,3,S3,64865.6,57217.5,13.37,343,173.0,4.823
mc_R081606_002_c3.txt,3,S4,63682.4,57217.5,11.3,343,0.0,5.164
mc_R081606_003_c2.txt,2,S1,66910.6,59365.1,12.71,387,144.0,5.328
mc_R081606_003_c2.txt,2,S2,66095.8,59365.1,11.34,387,0.0,5.213
mc_R081606_003_c2.txt,2,S3,66910.6,59365.1,12.71,387,144.0,5.214
mc_R081606_003_c2.txt,2,S4,66116.0,59365.1,11.37,387,0.0,5.299
mc_R081606_003_c2.txt,3,S1,65532.8,57631.7,13.71,387,205.0,5.309
mc_R081606_003_c2.txt,3,S2,64771.6,57631.7,12.39,387,1.0,5.31
mc_R081606_003_c2.txt,3,S3,65532.8,57631.7,13.71,387,205.0,5.315
mc_R081606_003_c2.txt,3,S4,64894.3,57631.7,12.6,387,0.0,5.393
mc_R081606_003_c3.txt,2,S1,66910.6,59365.1,12.71,387,144.0,5.485
mc_R081606_003_c3.txt,2,S2,66095.8,59365.1,11.34,387,0.0,5.364
mc_R081606_003_c3.txt,2,S3,66910.6,59365.1,12.71,387,144.0,5.41
mc_R081606_003_c3.txt,2,S4,66116.0,59365.1,11.37,387,0.0,5.532
mc_R081606_003_c3.txt,3,S1,65489.3,57631.7,13.63,387,205.0,5.566
mc_R081606_003_c3.txt,3,S2,64768.1,57631.7,12.38,387,1.0,5.642
mc_R081606_003_c3.txt,3,S3,65489.3,57631.7,13.63,387,205.0,7.699
mc_R081606_003_c3.txt,3,S4,64890.8,57631.7,12.6,387,0.0,5.749
mc_R081606_004_c2.txt,2,S1,65450.2,58892.7,11.13,368,139.0,5.14
mc_R081606_004_c2.txt,2,S2,65384.3,58892.7,11.02,368,8.0,5.132
mc_R081606_004_c2.txt,2,S3,65450.2,58892.7,11.13,368,139.0,5.223
mc_R081606_004_c2.txt,2,S4,65525.9,58892.7,11.26,368,0.0,5.127
mc_R081606_004_c2.txt,3,S1,64609.5,57267.3,12.82,368,192.0,5.235
mc_R081606_004_c2.txt,3,S2,64365.3,57267.3,12.39,368,14.0,5.291
mc_R081606_004_c2.txt,3,S3,64609.5,57267.3,12.82,368,192.0,5.278
mc_R081606_004_c2.txt,3,S4,64468.0,57267.3,12.57,368,0.0,5.288
mc_R081606_004_c3.txt,2,S1,65450.2,58892.7,11.13,368,139.0,5.403
mc_R081606_004_c3.txt,2,S2,65384.3,58892.7,11.02,368,8.0,5.602
mc_R081606_004_c3.txt,2,S3,65450.2,58892.7,11.13,368,139.0,5.692
mc_R081606_004_c3.txt,2,S4,65525.9,58892.7,11.26,368,0.0,5.539
mc_R081606_004_c3.txt,3,S1,64613.0,57267.3,12.83,368,192.0,6.167
mc_R081606_004_c3.txt,3,S2,64361.8,57267.3,12.39,368,14.0,5.86
mc_R081606_004_c3.txt,3,S3,64613.0,57267.3,12.83,368,192.0,5.477
mc_R081606_004_c3.txt,3,S4,64464.5,57267.3,12.57,368,0.0,5.302
mc_R081606_005_c2.txt,2,S1,66699.1,59994.3,11.18,358,127.0,5.438
mc_R081606_005_c2.txt,2,S2,65940.5,59994.3,9.91,358,1.0,5.155
mc_R081606_005_c2.txt,2,S3,66699.1,59994.3,11.18,358,127.0,5.226
mc_R081606_005_c2.txt,2,S4,66026.3,59994.3,10.05,358,0.0,5.093
mc_R081606_005_c2.txt,3,S1,65250.4,58358.1,11.81,358,180.0,5.111
mc_R081606_005_c2.txt,3,S2,64587.0,58358.1,10.67,358,1.0,5.12
mc_R081606_005_c2.txt,3,S3,65250.4,58358.1,11.81,358,180.0,5.13
mc_R081606_005_c2.txt,3,S4,64835.8,58358.1,11.1,358,0.0,5.064
mc_R081606_005_c3.txt,2,S1,66699.1,59994.3,11.18,358,127.0,5.135
mc_R081606_005_c3.txt,2,S2,65940.5,59994.3,9.91,358,1.0,5.022
mc_R081606_005_c3.txt,2,S3,66699.1,59994.3,11.18,358,127.0,5.073
mc_R081606_005_c3.txt,2,S4,66026.3,59994.3,10.05,358,0.0,5.117
mc_R081606_005_c3.txt,3,S1,65253.9,58358.1,11.82,358,180.0,5.073
mc_R081606_005_c3.txt,3,S2,64630.5,58358.1,10.75,358,1.0,5.172
mc_R081606_005_c3.txt,3,S3,65253.9,58358.1,11.82,358,180.0,5.193
mc_R081606_005_c3.txt,3,S4,64879.3,58358.1,11.17,358,0.0,7.134
mc_R101606_001_c2.txt,2,S1,87153.4,77707.0,12.16,457,176.0,7.032
mc_R101606_001_c2.txt,2,S2,85624.8,77707.0,10.19,457,0.0,6.854
mc_R101606_001_c2.txt,2,S3,87153.4,77707.0,12.16,457,176.0,6.99
mc_R101606_001_c2.txt,2,S4,85886.4,77707.0,10.53,457,0.0,6.83
mc_R101606_001_c2.txt,3,S1,85767.0,75617.2,13.42,457,235.0,7.024
mc_R101606_001_c2.txt,3,S2,84148.8,75617.2,11.28,457,1.0,6.9
mc_R101606_001_c2.txt,3,S3,85767.0,75617.2,13.42,457,235.0,7.12
mc_R101606_001_c2.txt,3,S4,84408.4,75617.2,11.63,457,0.0,7.212
mc_R101606_001_c3.txt,2,S1,87153.4,77707.0,12.16,457,176.0,7.244
mc_R101606_001_c3.txt,2,S2,85624.8,77707.0,10.19,457,0.0,7.258
mc_R101606_001_c3.txt,2,S3,87153.4,77707.0,12.16,457,176.0,7.225
mc_R101606_001_c3.txt,2,S4,85886.4,77707.0,10.53,457,0.0,7.077
mc_R101606_001_c3.txt,3,S1,85767.0,75617.2,13.42,457,235.0,7.127
mc_R101606_001_c3.txt,3,S2,84148.8,75617.2,11.28,457,1.0,7.213
mc_R101606_001_c3.txt,3,S3,85767.0,75617.2,13.42,457,235.0,7.156
mc_R101606_001_c3.txt,3,S4,84408.4,75617.2,11.63,457,0.0,7.171
mc_R101606_002_c2.txt,2,S1,84997.9,76283.0,11.42,433,149.0,7.168
mc_R101606_002_c2.txt,2,S2,83556.5,76283.0,9.53,433,0.0,6.803
mc_R101606_002_c2.txt,2,S3,84997.9,76283.0,11.42,433,149.0,6.856
mc_R101606_002_c2.txt,2,S4,83983.7,76283.0,10.09,433,0.0,6.863
mc_R101606_002_c2.txt,3,S1,83900.7,74312.0,12.9,433,202.0,7.006
mc_R101606_002_c2.txt,3,S2,82307.5,74312.0,10.76,433,1.0,7.094
mc_R101606_002_c2.txt,3,S3,83900.7,74312.0,12.9,433,202.0,7.032
mc_R101606_002_c2.txt,3,S4,82611.3,74312.0,11.17,433,0.0,7.173
mc_R101606_002_c3.txt,2,S1,84997.9,76283.0,11.42,433,149.0,6.962
mc_R101606_002_c3.txt,2,S2,83556.5,76283.0,9.53,433,0.0,6.783
mc_R101606_002_c3.txt,2,S3,84997.9,76283.0,11.42,433,149.0,6.696
mc_R101606_002_c3.txt,2,S4,83983.7,76283.0,10.09,433,0.0,7.342
mc_R101606_002_c3.txt,3,S1,83900.7,74312.0,12.9,433,202.0,6.904
mc_R101606_002_c3.txt,3,S2,82307.5,74312.0,10.76,433,1.0,6.781
mc_R101606_002_c3.txt,3,S3,83900.7,74312.0,12.9,433,202.0,6.769
mc_R101606_002_c3.txt,3,S4,82611.3,74312.0,11.17,433,0.0,6.899
mc_R101606_003_c2.txt,2,S1,85640.9,76744.5,11.59,458,163.0,7.223
mc_R101606_003_c2.txt,2,S2,84874.7,76744.5,10.59,458,4.0,7.304
mc_R101606_003_c2.txt,2,S3,85640.9,76744.5,11.59,458,163.0,7.213
mc_R101606_003_c2.txt,2,S4,84719.9,76744.5,10.39,458,0.0,7.323
mc_R101606_003_c2.txt,3,S1,85227.1,74681.7,14.12,458,223.0,7.162
mc_R101606_003_c2.txt,3,S2,83223.9,74681.7,11.44,458,2.0,7.06
mc_R101606_003_c2.txt,3,S3,85227.1,74681.7,14.12,458,223.0,7.002
mc_R101606_003_c2.txt,3,S4,83284.1,74681.7,11.52,458,0.0,7.268
mc_R101606_003_c3.txt,2,S1,85640.9,76744.5,11.59,458,163.0,7.122
mc_R101606_003_c3.txt,2,S2,84874.7,76744.5,10.59,458,4.0,7.043
mc_R101606_003_c3.txt,2,S3,85640.9,76744.5,11.59,458,163.0,7.127
mc_R101606_003_c3.txt,2,S4,84719.9,76744.5,10.39,458,0.0,7.133
mc_R101606_003_c3.txt,3,S1,85227.1,74681.7,14.12,458,223.0,7.102
mc_R101606_003_c3.txt,3,S2,83223.9,74681.7,11.44,458,2.0,7.203
mc_R101606_003_c3.txt,3,S3,85227.1,74681.7,14.12,458,223.0,7.276
mc_R101606_003_c3.txt,3,S4,83284.1,74681.7,11.52,458,0.0,7.368
mc_R101606_004_c2.txt,2,S1,86322.3,77251.0,11.74,435,148.0,6.772
mc_R101606_004_c2.txt,2,S2,84592.6,77251.0,9.5,435,0.0,6.863
mc_R101606_004_c2.txt,2,S3,86322.3,77251.0,11.74,435,148.0,6.74
mc_R101606_004_c2.txt,2,S4,84755.8,77251.0,9.71,435,0.0,6.802
mc_R101606_004_c2.txt,3,S1,84358.2,75301.6,12.03,435,204.0,6.84
mc_R101606_004_c2.txt,3,S2,83716.2,75301.6,11.17,435,0.0,7.17
mc_R101606_004_c2.txt,3,S3,84358.2,75301.6,12.03,435,204.0,6.896
mc_R101606_004_c2.txt,3,S4,83095.3,75301.6,10.35,435,0.0,6.842
mc_R101606_004_c3.txt,2,S1,86322.3,77251.0,11.74,435,148.0,6.775
mc_R101606_004_c3.txt,2,S2,84592.6,77251.0,9.5,435,0.0,6.974
mc_R101606_004_c3.txt,2,S3,86322.3,77251.0,11.74,435,148.0,7.052
mc_R101606_004_c3.txt,2,S4,84755.8,77251.0,9.71,435,0.0,7.046
mc_R101606_004_c3.txt,3,S1,84358.2,75301.6,12.03,435,204.0,7.158
mc_R101606_004_c3.txt,3,S2,83716.2,75301.6,11.17,435,0.0,6.785
mc_R101606_004_c3.txt,3,S3,84358.2,75301.6,12.03,435,204.0,6.792
mc_R101606_004_c3.txt,3,S4,83095.3,75301.6,10.35,435,0.0,6.786
mc_R101606_005_c2.txt,2,S1,85026.8,76497.5,11.15,449,170.0,7.01
mc_R101606_005_c2.txt,2,S2,84058.0,76497.5,9.88,449,0.0,7.187
mc_R101606_005_c2.txt,2,S3,85026.8,76497.5,11.15,449,170.0,7.053
mc_R101606_005_c2.txt,2,S4,84036.4,76497.5,9.86,449,0.0,7.055
mc_R101606_005_c2.txt,3,S1,83720.5,74526.5,12.34,449,228.0,7.154
mc_R101606_005_c2.txt,3,S2,82679.0,74526.5,10.94,449,0.0,7.588
mc_R101606_005_c2.txt,3,S3,83720.5,74526.5,12.34,449,228.0,7.591
mc_R101606_005_c2.txt,3,S4,82722.3,74526.5,11.0,449,0.0,7.27
mc_R101606_005_c3.txt,2,S1,85026.8,76497.5,11.15,449,170.0,7.296
mc_R101606_005_c3.txt,2,S2,84058.0,76497.5,9.88,449,0.0,7.049
mc_R101606_005_c3.txt,2,S3,85026.8,76497.5,11.15,449,170.0,6.917
mc_R101606_005_c3.txt,2,S4,84036.4,76497.5,9.86,449,0.0,6.847
mc_R101606_005_c3.txt,3,S1,83720.5,74526.5,12.34,449,228.0,6.875
mc_R101606_005_c3.txt,3,S2,82679.0,74526.5,10.94,449,0.0,6.877
mc_R101606_005_c3.txt,3,S3,83720.5,74526.5,12.34,449,228.0,7.045
mc_R101606_005_c3.txt,3,S4,82722.3,74526.5,11.0,449,0.0,6.909
mc_U011606_001_c2.txt,2,S1,5320.8,5544.5,-4.03,56,28.0,0.461
mc_U011606_001_c2.txt,2,S2,5320.8,5544.5,-4.03,56,0.0,0.426
mc_U011606_001_c2.txt,2,S3,5320.8,5544.5,-4.03,56,28.0,0.521
mc_U011606_001_c2.txt,2,S4,5320.8,5544.5,-4.03,56,0.0,0.502
mc_U011606_001_c2.txt,3,S1,5320.8,5646.2,-5.76,56,37.0,0.435
mc_U011606_001_c2.txt,3,S2,5320.8,5646.2,-5.76,56,0.0,0.425
mc_U011606_001_c2.txt,3,S3,5320.8,5646.2,-5.76,56,37.0,0.437
mc_U011606_001_c2.txt,3,S4,5320.8,5646.2,-5.76,56,0.0,0.418
mc_U011606_001_c3.txt,2,S1,5320.8,5544.5,-4.03,56,28.0,0.421
mc_U011606_001_c3.txt,2,S2,5320.8,5544.5,-4.03,56,0.0,0.425
mc_U011606_001_c3.txt,2,S3,5320.8,5544.5,-4.03,56,28.0,0.432
mc_U011606_001_c3.txt,2,S4,5320.8,5544.5,-4.03,56,0.0,0.406
mc_U011606_001_c3.txt,3,S1,5320.8,5646.2,-5.76,56,37.0,0.448
mc_U011606_001_c3.txt,3,S2,5320.8,5646.2,-5.76,56,0.0,0.42
mc_U011606_001_c3.txt,3,S3,5320.8,5646.2,-5.76,56,37.0,0.436
mc_U011606_001_c3.txt,3,S4,5320.8,5646.2,-5.76,56,0.0,0.429
mc_U011606_002_c2.txt,2,S1,5528.4,5482.5,0.84,61,30.0,0.461
mc_U011606_002_c2.txt,2,S2,5528.4,5482.5,0.84,61,0.0,0.465
mc_U011606_002_c2.txt,2,S3,5528.4,5482.5,0.84,61,30.0,0.46
mc_U011606_002_c2.txt,2,S4,5528.4,5482.5,0.84,61,0.0,0.465
mc_U011606_002_c2.txt,3,S1,5528.4,5582.4,-0.97,61,40.0,0.482
mc_U011606_002_c2.txt,3,S2,5528.4,5582.4,-0.97,61,0.0,0.469
mc_U011606_002_c2.txt,3,S3,5528.4,5582.4,-0.97,61,40.0,0.472
mc_U011606_002_c2.txt,3,S4,5528.4,5582.4,-0.97,61,0.0,0.484
mc_U011606_002_c3.txt,2,S1,5528.4,5482.5,0.84,61,30.0,0.485
mc_U011606_002_c3.txt,2,S2,5528.4,5482.5,0.84,61,0.0,0.476
mc_U011606_002_c3.txt,2,S3,5528.4,5482.5,0.84,61,30.0,0.485
mc_U011606_002_c3.txt,2,S4,5528.4,5482.5,0.84,61,0.0,0.466
mc_U011606_002_c3.txt,3,S1,5528.4,5582.4,-0.97,61,40.0,0.467
mc_U011606_002_c3.txt,3,S2,5528.4,5582.4,-0.97,61,0.0,0.451
mc_U011606_002_c3.txt,3,S3,5528.4,5582.4,-0.97,61,40.0,0.498
mc_U011606_002_c3.txt,3,S4,5528.4,5582.4,-0.97,61,0.0,0.466
mc_U011608_001_c2.txt,2,S1,7611.6,7341.9,3.67,81,40.0,0.653
mc_U011608_001_c2.txt,2,S2,7611.6,7341.9,3.67,81,0.0,0.607
mc_U011608_001_c2.txt,2,S3,7611.6,7341.9,3.67,81,40.0,0.67
mc_U011608_001_c2.txt,2,S4,7611.6,7341.9,3.67,81,0.0,0.619
mc_U011608_001_c2.txt,3,S1,7611.6,7478.8,1.78,81,54.0,0.63
mc_U011608_001_c2.txt,3,S2,7611.6,7478.8,1.78,81,0.0,0.672
mc_U011608_001_c2.txt,3,S3,7611.6,7478.8,1.78,81,54.0,0.621
mc_U011608_001_c2.txt,3,S4,7611.6,7478.8,1.78,81,0.0,0.597
mc_U011608_001_c3.txt,2,S1,7611.6,7341.9,3.67,81,40.0,0.65
mc_U011608_001_c3.txt,2,S2,7611.6,7341.9,3.67,81,0.0,0.71
mc_U011608_001_c3.txt,2,S3,7611.6,7341.9,3.67,81,40.0,0.674
mc_U011608_001_c3.txt,2,S4,7611.6,7341.9,3.67,81,0.0,0.661
mc_U011608_001_c3.txt,3,S1,7611.6,7478.8,1.78,81,54.0,0.607
mc_U011608_001_c3.txt,3,S2,7611.6,7478.8,1.78,81,0.0,0.622
mc_U011608_001_c3.txt,3,S3,7611.6,7478.8,1.78,81,54.0,0.639
mc_U011608_001_c3.txt,3,S4,7611.6,7478.8,1.78,81,0.0,0.628
mc_U011608_002_c2.txt,2,S1,7767.6,7437.9,4.43,90,45.0,2.374
mc_U011608_002_c2.txt,2,S2,7767.6,7437.9,4.43,90,0.0,1.099
mc_U011608_002_c2.txt,2,S3,7767.6,7437.9,4.43,90,45.0,0.681
mc_U011608_002_c2.txt,2,S4,7767.6,7437.9,4.43,90,0.0,0.661
mc_U011608_002_c2.txt,3,S1,7767.6,7574.8,2.55,90,60.0,0.72
mc_U011608_002_c2.txt,3,S2,7767.6,7574.8,2.55,90,0.0,0.663
mc_U011608_002_c2.txt,3,S3,7767.6,7574.8,2.55,90,60.0,0.674
mc_U011608_002_c2.txt,3,S4,7767.6,7574.8,2.55,90,0.0,0.667
mc_U011608_002_c3.txt,2,S1,7767.6,7437.9,4.43,90,45.0,0.653
mc_U011608_002_c3.txt,2,S2,7767.6,7437.9,4.43,90,0.0,0.653
mc_U011608_002_c3.txt,2,S3,7767.6,7437.9,4.43,90,45.0,0.668
mc_U011608_002_c3.txt,2,S4,7767.6,7437.9,4.43,90,0.0,0.662
mc_U011608_002_c3.txt,3,S1,7767.6,7574.8,2.55,90,60.0,0.697
mc_U011608_002_c3.txt,3,S2,7767.6,7574.8,2.55,90,0.0,0.667
mc_U011608_002_c3.txt,3,S3,7767.6,7574.8,2.55,90,60.0,0.65
mc_U011608_002_c3.txt,3,S4,7767.6,7574.8,2.55,90,0.0,0.669
mc_U021606_001_c2.txt,2,S1,13523.4,11873.4,13.9,119,61.0,0.967
mc_U021606_001_c2.txt,2,S2,13436.4,11873.4,13.16,119,0.0,0.953
mc_U021606_001_c2.txt,2,S3,13523.4,11873.4,13.9,119,61.0,0.998
mc_U021606_001_c2.txt,2,S4,13436.4,11873.4,13.16,119,0.0,0.979
mc_U021606_001_c2.txt,3,S1,13436.4,12073.2,11.29,119,80.0,0.995
mc_U021606_001_c2.txt,3,S2,13436.4,12073.2,11.29,119,0.0,0.994
mc_U021606_001_c2.txt,3,S3,13436.4,12073.2,11.29,119,80.0,1.034
mc_U021606_001_c2.txt,3,S4,13436.4,12073.2,11.29,119,0.0,1.003
mc_U021606_001_c3.txt,2,S1,13523.4,11873.4,13.9,119,61.0,1.007
mc_U021606_001_c3.txt,2,S2,13436.4,11873.4,13.16,119,0.0,0.958
mc_U021606_001_c3.txt,2,S3,13523.4,11873.4,13.9,119,61.0,1.01
mc_U021606_001_c3.txt,2,S4,13436.4,11873.4,13.16,119,0.0,0.989
mc_U021606_001_c3.txt,3,S1,13436.4,12073.2,11.29,119,80.0,1.075
mc_U021606_001_c3.txt,3,S2,13479.9,12073.2,11.65,119,0.0,0.995
mc_U021606_001_c3.txt,3,S3,13436.4,12073.2,11.29,119,80.0,0.985
mc_U021606_001_c3.txt,3,S4,13436.4,12073.2,11.29,119,0.0,1.033
mc_U021606_002_c2.txt,2,S1,13446.3,11914.2,12.86,115,58.0,1.112
mc_U021606_002_c2.txt,2,S2,13364.1,11914.2,12.17,115,0.0,1.303
mc_U021606_002_c2.txt,2,S3,13446.3,11914.2,12.86,115,58.0,0.974
mc_U021606_002_c2.txt,2,S4,13364.1,11914.2,12.17,115,0.0,0.973
mc_U021606_002_c2.txt,3,S1,13364.1,12114.0,10.32,115,76.0,0.985
mc_U021606_002_c2.txt,3,S2,13364.1,12114.0,10.32,115,0.0,1.038
mc_U021606_002_c2.txt,3,S3,13364.1,12114.0,10.32,115,76.0,0.981
mc_U021606_002_c2.txt,3,S4,13364.1,12114.0,10.32,115,0.0,0.992
mc_U021606_002_c3.txt,2,S1,13446.3,11914.2,12.86,115,58.0,0.945
mc_U021606_002_c3.txt,2,S2,13364.1,11914.2,12.17,115,0.0,1.082
mc_U021606_002_c3.txt,2,S3,13446.3,11914.2,12.86,115,58.0,1.275
mc_U021606_002_c3.txt,2,S4,13364.1,11914.2,12.17,115,0.0,1.107
mc_U021606_002_c3.txt,3,S1,13407.6,12114.0,10.68,115,76.0,0.981
mc_U021606_002_c3.txt,3,S2,13407.6,12114.0,10.68,115,0.0,0.981
mc_U021606_002_c3.txt,3,S3,13407.6,12114.0,10.68,115,76.0,0.967
mc_U021606_002_c3.txt,3,S4,13364.1,12114.0,10.32,115,0.0,0.977
mc_U021608_001_c2.txt,2,S1,19069.5,16219.2,17.57,173,84.0,1.493
mc_U021608_001_c2.txt,2,S2,18987.3,16219.2,17.07,173,0.0,1.521
mc_U021608_001_c2.txt,2,S3,19069.5,16219.2,17.57,173,84.0,1.746
mc_U021608_001_c2.txt,2,S4,18987.3,16219.2,17.07,173,0.0,1.482
mc_U021608_001_c2.txt,3,S1,18987.3,16511.5,14.99,173,116.0,1.5
mc_U021608_001_c2.txt,3,S2,18987.3,16511.5,14.99,173,0.0,1.543
mc_U021608_001_c2.txt,3,S3,18987.3,16511.5,14.99,173,116.0,1.525
mc_U021608_001_c2.txt,3,S4,18987.3,16511.5,14.99,173,0.0,1.487
mc_U021608_001_c3.txt,2,S1,19069.5,16219.2,17.57,173,84.0,1.535
mc_U021608_001_c3.txt,2,S2,18987.3,16219.2,17.07,173,0.0,1.516
mc_U021608_001_c3.txt,2,S3,19069.5,16219.2,17.57,173,84.0,1.513
mc_U021608_001_c3.txt,2,S4,18987.3,16219.2,17.07,173,0.0,1.564
mc_U021608_001_c3.txt,3,S1,18987.3,16511.5,14.99,173,116.0,1.604
mc_U021608_001_c3.txt,3,S2,19030.8,16511.5,15.26,173,0.0,1.598
mc_U021608_001_c3.txt,3,S3,18987.3,16511.5,14.99,173,116.0,1.541
mc_U021608_001_c3.txt,3,S4,18987.3,16511.5,14.99,173,0.0,1.553
mc_U021608_002_c2.txt,2,S1,18993.0,15942.9,19.13,181,92.0,1.633
mc_U021608_002_c2.txt,2,S2,18814.2,15942.9,18.01,181,0.0,1.585
mc_U021608_002_c2.txt,2,S3,18993.0,15942.9,19.13,181,92.0,1.611
mc_U021608_002_c2.txt,2,S4,18814.2,15942.9,18.01,181,0.0,1.621
mc_U021608_002_c2.txt,3,S1,18901.2,16235.2,16.42,181,121.0,1.678
mc_U021608_002_c2.txt,3,S2,18814.2,16235.2,15.89,181,0.0,1.591
mc_U021608_002_c2.txt,3,S3,18901.2,16235.2,16.42,181,121.0,1.625
mc_U021608_002_c2.txt,3,S4,18814.2,16235.2,15.89,181,0.0,1.625
mc_U021608_002_c3.txt,2,S1,18993.0,15942.9,19.13,181,92.0,1.824
mc_U021608_002_c3.txt,2,S2,18814.2,15942.9,18.01,181,0.0,1.615
mc_U021608_002_c3.txt,2,S3,18993.0,15942.9,19.13,181,92.0,1.623
mc_U021608_002_c3.txt,2,S4,18814.2,15942.9,18.01,181,0.0,1.6
mc_U021608_002_c3.txt,3,S1,18901.2,16235.2,16.42,181,121.0,1.666
mc_U021608_002_c3.txt,3,S2,18857.7,16235.2,16.15,181,0.0,1.721
mc_U021608_002_c3.txt,3,S3,18901.2,16235.2,16.42,181,121.0,1.651
mc_U021608_002_c3.txt,3,S4,18814.2,16235.2,15.89,181,0.0,1.651
mc_U041606_001_c2.txt,2,S1,30455.3,27026.4,12.69,224,100.0,2.501
mc_U041606_001_c2.txt,2,S2,30491.4,27026.4,12.82,224,0.0,2.341
mc_U041606_001_c2.txt,2,S3,30455.3,27026.4,12.69,224,100.0,2.343
mc_U041606_001_c2.txt,2,S4,30533.6,27026.4,12.98,224,0.0,2.337
mc_U041606_001_c2.txt,3,S1,30012.7,25854.6,16.08,224,145.0,2.334
mc_U041606_001_c2.txt,3,S2,29647.8,25854.6,14.67,224,0.0,2.345
mc_U041606_001_c2.txt,3,S3,30012.7,25854.6,16.08,224,145.0,2.379
mc_U041606_001_c2.txt,3,S4,29962.2,25854.6,15.89,224,0.0,2.412
mc_U041606_001_c3.txt,2,S1,30455.3,27026.4,12.69,224,100.0,2.365
mc_U041606_001_c3.txt,2,S2,30491.4,27026.4,12.82,224,0.0,2.308
mc_U041606_001_c3.txt,2,S3,30455.3,27026.4,12.69,224,100.0,2.319
mc_U041606_001_c3.txt,2,S4,30533.6,27026.4,12.98,224,0.0,2.489
mc_U041606_001_c3.txt,3,S1,30012.7,25854.6,16.08,224,145.0,2.356
mc_U041606_001_c3.txt,3,S2,29647.8,25854.6,14.67,224,0.0,3.035
mc_U041606_001_c3.txt,3,S3,30012.7,25854.6,16.08,224,145.0,3.158
mc_U041606_001_c3.txt,3,S4,29962.2,25854.6,15.89,224,0.0,2.515
mc_U041606_002_c2.txt,2,S1,30980.5,26971.0,14.87,240,106.0,2.508
mc_U041606_002_c2.txt,2,S2,31053.3,26971.0,15.14,240,0.0,2.58
mc_U041606_002_c2.txt,2,S3,30980.5,26971.0,14.87,240,106.0,2.633
mc_U041606_002_c2.txt,2,S4,30932.8,26971.0,14.69,240,0.0,2.498
mc_U041606_002_c2.txt,3,S1,30251.1,25804.6,17.23,240,153.0,2.556
mc_U041606_002_c2.txt,3,S2,30340.2,25804.6,17.58,240,0.0,2.571
mc_U041606_002_c2.txt,3,S3,30251.1,25804.6,17.23,240,153.0,2.568
mc_U041606_002_c2.txt,3,S4,30185.7,25804.6,16.98,240,0.0,2.574
mc_U041606_002_c3.txt,2,S1,30980.5,26971.0,14.87,240,106.0,2.609
mc_U041606_002_c3.txt,2,S2,31053.3,26971.0,15.14,240,0.0,2.622
mc_U041606_002_c3.txt,2,S3,30980.5,26971.0,14.87,240,106.0,2.564
mc_U041606_002_c3.txt,2,S4,30932.8,26971.0,14.69,240,0.0,2.576
mc_U041606_002_c3.txt,3,S1,30251.1,25804.6,17.23,240,153.0,2.566
mc_U041606_002_c3.txt,3,S2,30340.2,25804.6,17.58,240,0.0,2.53
mc_U041606_002_c3.txt,3,S3,30251.1,25804.6,17.23,240,153.0,2.526
mc_U041606_002_c3.txt,3,S4,30185.7,25804.6,16.98,240,0.0,2.635
mc_U041608_001_c2.txt,2,S1,44201.9,37990.7,16.35,354,171.0,4.283
mc_U041608_001_c2.txt,2,S2,44191.2,37990.7,16.32,354,0.0,3.909
mc_U041608_001_c2.txt,2,S3,44201.9,37990.7,16.35,354,171.0,3.956
mc_U041608_001_c2.txt,2,S4,44425.3,37990.7,16.94,354,0.0,3.923
mc_U041608_001_c2.txt,3,S1,43535.1,36284.3,19.98,354,229.0,3.867
mc_U041608_001_c2.txt,3,S2,43482.0,36284.3,19.84,354,0.0,4.56
mc_U041608_001_c2.txt,3,S3,43535.1,36284.3,19.98,354,229.0,4.424
mc_U041608_001_c2.txt,3,S4,43538.4,36284.3,19.99,354,0.0,3.999
mc_U041608_001_c3.txt,2,S1,44201.9,37990.7,16.35,354,171.0,4.123
mc_U041608_001_c3.txt,2,S2,44191.2,37990.7,16.32,354,0.0,4.041
mc_U041608_001_c3.txt,2,S3,44201.9,37990.7,16.35,354,171.0,3.895
mc_U041608_001_c3.txt,2,S4,44425.3,37990.7,16.94,354,0.0,4.208
mc_U041608_001_c3.txt,3,S1,43535.1,36284.3,19.98,354,229.0,4.357
mc_U041608_001_c3.txt,3,S2,43482.0,36284.3,19.84,354,0.0,3.94
mc_U041608_001_c3.txt,3,S3,43535.1,36284.3,19.98,354,229.0,3.963
mc_U041608_001_c3.txt,3,S4,43538.4,36284.3,19.99,354,0.0,4.087
mc_U041608_002_c2.txt,2,S1,43739.0,37390.5,16.98,336,154.0,3.839
mc_U041608_002_c2.txt,2,S2,43918.8,37390.5,17.46,336,0.0,3.882
mc_U041608_002_c2.txt,2,S3,43739.0,37390.5,16.98,336,154.0,3.87
mc_U041608_002_c2.txt,2,S4,43911.4,37390.5,17.44,336,0.0,3.872
mc_U041608_002_c2.txt,3,S1,43017.0,35684.1,20.55,336,211.0,3.949
mc_U041608_002_c2.txt,3,S2,42975.0,35684.1,20.43,336,0.0,3.876
mc_U041608_002_c2.txt,3,S3,43017.0,35684.1,20.55,336,211.0,3.99
mc_U041608_002_c2.txt,3,S4,43157.4,35684.1,20.94,336,0.0,3.753
mc_U041608_002_c3.txt,2,S1,43739.0,37390.5,16.98,336,154.0,3.598
mc_U041608_002_c3.txt,2,S2,43918.8,37390.5,17.46,336,0.0,3.597
mc_U041608_002_c3.txt,2,S3,43739.0,37390.5,16.98,336,154.0,3.769
mc_U041608_002_c3.txt,2,S4,43911.4,37390.5,17.44,336,0.0,3.657
mc_U041608_002_c3.txt,3,S1,43017.0,35684.1,20.55,336,211.0,3.631
mc_U041608_002_c3.txt,3,S2,42975.0,35684.1,20.43,336,0.0,3.612
mc_U041608_002_c3.txt,3,S3,43017.0,35684.1,20.55,336,211.0,3.694
mc_U041608_002_c3.txt,3,S4,43157.4,35684.1,20.94,336,0.0,3.618
mc_U061606_001_c2.txt,2,S1,50004.4,43790.0,14.19,358,161.0,4.285
mc_U061606_001_c2.txt,2,S2,49770.6,43790.0,13.66,358,0.0,4.245
mc_U061606_001_c2.txt,2,S3,50004.4,43790.0,14.19,358,161.0,4.285
mc_U061606_001_c2.txt,2,S4,49857.0,43790.0,13.85,358,0.0,4.197
mc_U061606_001_c2.txt,3,S1,49048.7,41986.4,16.82,358,217.0,4.266
mc_U061606_001_c2.txt,3,S2,49196.9,41986.4,17.17,358,0.0,4.469
mc_U061606_001_c2.txt,3,S3,49048.7,41986.4,16.82,358,217.0,4.24
mc_U061606_001_c2.txt,3,S4,48981.7,41986.4,16.66,358,0.0,4.229
mc_U061606_001_c3.txt,2,S1,50004.4,43790.0,14.19,358,161.0,4.468
mc_U061606_001_c3.txt,2,S2,49770.6,43790.0,13.66,358,0.0,4.284
mc_U061606_001_c3.txt,2,S3,50004.4,43790.0,14.19,358,161.0,4.204
mc_U061606_001_c3.txt,2,S4,49857.0,43790.0,13.85,358,0.0,4.051
mc_U061606_001_c3.txt,3,S1,49048.7,41986.4,16.82,358,217.0,4.098
mc_U061606_001_c3.txt,3,S2,49196.9,41986.4,17.17,358,0.0,4.006
mc_U061606_001_c3.txt,3,S3,49048.7,41986.4,16.82,358,217.0,4.087
mc_U061606_001_c3.txt,3,S4,48981.7,41986.4,16.66,358,0.0,4.103
mc_U061606_002_c2.txt,2,S1,50458.9,43981.6,14.73,361,161.0,4.562
mc_U061606_002_c2.txt,2,S2,50573.9,43981.6,14.99,361,0.0,4.259
mc_U061606_002_c2.txt,2,S3,50458.9,43981.6,14.73,361,161.0,4.094
mc_U061606_002_c2.txt,2,S4,50374.9,43981.6,14.54,361,0.0,4.105
mc_U061606_002_c2.txt,3,S1,50008.7,42178.0,18.57,361,220.0,4.095
mc_U061606_002_c2.txt,3,S2,49537.2,42178.0,17.45,361,0.0,4.075
mc_U061606_002_c2.txt,3,S3,50008.7,42178.0,18.57,361,220.0,4.102
mc_U061606_002_c2.txt,3,S4,49484.9,42178.0,17.32,361,0.0,4.209
mc_U061606_002_c3.txt,2,S1,50458.9,43981.6,14.73,361,161.0,4.19
mc_U061606_002_c3.txt,2,S2,50573.9,43981.6,14.99,361,0.0,4.315
mc_U061606_002_c3.txt,2,S3,50458.9,43981.6,14.73,361,161.0,4.216
mc_U061606_002_c3.txt,2,S4,50374.9,43981.6,14.54,361,0.0,4.194
mc_U061606_002_c3.txt,3,S1,50008.7,42178.0,18.57,361,220.0,4.157
mc_U061606_002_c3.txt,3,S2,49537.2,42178.0,17.45,361,0.0,4.315
mc_U061606_002_c3.txt,3,S3,50008.7,42178.0,18.57,361,220.0,4.29
mc_U061606_002_c3.txt,3,S4,49484.9,42178.0,17.32,361,0.0,4.262
mc_U061608_001_c2.txt,2,S1,69707.3,58577.0,19.0,524,236.0,6.606
mc_U061608_001_c2.txt,2,S2,69412.9,58577.0,18.5,524,0.0,6.707
mc_U061608_001_c2.txt,2,S3,69707.3,58577.0,19.0,524,236.0,6.952
mc_U061608_001_c2.txt,2,S4,69456.9,58577.0,18.57,524,0.0,6.215
mc_U061608_001_c2.txt,3,S1,68609.1,56017.4,22.48,524,332.0,6.371
mc_U061608_001_c2.txt,3,S2,68695.9,56017.4,22.63,524,0.0,6.559
mc_U061608_001_c2.txt,3,S3,68609.1,56017.4,22.48,524,332.0,6.973
mc_U061608_001_c2.txt,3,S4,68541.9,56017.4,22.36,524,0.0,6.649
mc_U061608_001_c3.txt,2,S1,69707.3,58577.0,19.0,524,236.0,6.722
mc_U061608_001_c3.txt,2,S2,69412.9,58577.0,18.5,524,0.0,7.187
mc_U061608_001_c3.txt,2,S3,69707.3,58577.0,19.0,524,236.0,6.627
mc_U061608_001_c3.txt,2,S4,69456.9,58577.0,18.57,524,0.0,6.8
mc_U061608_001_c3.txt,3,S1,68609.1,56017.4,22.48,524,332.0,6.731
mc_U061608_001_c3.txt,3,S2,68695.9,56017.4,22.63,524,0.0,6.885
mc_U061608_001_c3.txt,3,S3,68609.1,56017.4,22.48,524,332.0,6.843
mc_U061608_001_c3.txt,3,S4,68541.9,56017.4,22.36,524,0.0,6.875
mc_U061608_002_c2.txt,2,S1,70145.9,59054.0,18.78,511,223.0,6.987
mc_U061608_002_c2.txt,2,S2,69801.9,59054.0,18.2,511,0.0,6.818
mc_U061608_002_c2.txt,2,S3,70145.9,59054.0,18.78,511,223.0,6.4
mc_U061608_002_c2.txt,2,S4,69666.4,59054.0,17.97,511,0.0,6.383
mc_U061608_002_c2.txt,3,S1,69393.5,56494.4,22.83,511,310.0,6.528
mc_U061608_002_c2.txt,3,S2,68904.5,56494.4,21.97,511,0.0,6.452
mc_U061608_002_c2.txt,3,S3,69393.5,56494.4,22.83,511,310.0,6.723
mc_U061608_002_c2.txt,3,S4,68936.5,56494.4,22.02,511,0.0,8.775
mc_U061608_002_c3.txt,2,S1,70145.9,59054.0,18.78,511,223.0,6.502
mc_U061608_002_c3.txt,2,S2,69801.9,59054.0,18.2,511,0.0,6.385
mc_U061608_002_c3.txt,2,S3,70145.9,59054.0,18.78,511,223.0,6.777
mc_U061608_002_c3.txt,2,S4,69666.4,59054.0,17.97,511,0.0,6.419
mc_U061608_002_c3.txt,3,S1,69393.5,56494.4,22.83,511,310.0,6.318
mc_U061608_002_c3.txt,3,S2,68904.5,56494.4,21.97,511,0.0,6.591
mc_U061608_002_c3.txt,3,S3,69393.5,56494.4,22.83,511,310.0,6.122
mc_U061608_002_c3.txt,3,S4,68936.5,56494.4,22.02,511,0.0,6.209
mc_U081606_001_c2.txt,2,S1,69519.0,61312.3,13.39,458,187.0,6.039
mc_U081606_001_c2.txt,2,S2,68746.0,61312.3,12.12,458,0.0,6.291
mc_U081606_001_c2.txt,2,S3,69519.0,61312.3,13.39,458,187.0,6.255
mc_U081606_001_c2.txt,2,S4,68694.0,61312.3,12.04,458,0.0,6.323
mc_U081606_001_c2.txt,3,S1,68262.1,58920.1,15.86,458,275.0,6.204
mc_U081606_001_c2.txt,3,S2,67912.4,58920.1,15.26,458,0.0,6.182
mc_U081606_001_c2.txt,3,S3,68262.1,58920.1,15.86,458,275.0,6.238
mc_U081606_001_c2.txt,3,S4,67844.7,58920.1,15.15,458,0.0,6.187
mc_U081606_001_c3.txt,2,S1,69519.0,61312.3,13.39,458,187.0,6.095
mc_U081606_001_c3.txt,2,S2,68746.0,61312.3,12.12,458,0.0,5.98
mc_U081606_001_c3.txt,2,S3,69519.0,61312.3,13.39,458,187.0,6.176
mc_U081606_001_c3.txt,2,S4,68694.0,61312.3,12.04,458,0.0,6.102
mc_U081606_001_c3.txt,3,S1,68265.6,58920.1,15.86,458,275.0,6.157
mc_U081606_001_c3.txt,3,S2,67868.9,58920.1,15.19,458,0.0,6.251
mc_U081606_001_c3.txt,3,S3,68265.6,58920.1,15.86,458,275.0,6.219
mc_U081606_001_c3.txt,3,S4,67801.2,58920.1,15.07,458,0.0,6.39
mc_U081606_002_c2.txt,2,S1,67262.4,59725.8,12.62,464,201.0,6.394
mc_U081606_002_c2.txt,2,S2,67363.5,59725.8,12.79,464,0.0,6.469
mc_U081606_002_c2.txt,2,S3,67262.4,59725.8,12.62,464,201.0,6.784
mc_U081606_002_c2.txt,2,S4,67422.3,59725.8,12.89,464,0.0,6.737
mc_U081606_002_c2.txt,3,S1,66536.8,57328.2,16.06,464,282.0,6.722
mc_U081606_002_c2.txt,3,S2,66503.8,57328.2,16.01,464,0.0,6.647
mc_U081606_002_c2.txt,3,S3,66536.8,57328.2,16.06,464,282.0,7.232
mc_U081606_002_c2.txt,3,S4,66265.0,57328.2,15.59,464,0.0,6.739
mc_U081606_002_c3.txt,2,S1,67262.4,59725.8,12.62,464,201.0,6.97
mc_U081606_002_c3.txt,2,S2,67363.5,59725.8,12.79,464,0.0,6.712
mc_U081606_002_c3.txt,2,S3,67262.4,59725.8,12.62,464,201.0,6.747
mc_U081606_002_c3.txt,2,S4,67422.3,59725.8,12.89,464,0.0,6.774
mc_U081606_002_c3.txt,3,S1,66533.3,57328.2,16.06,464,282.0,6.738
mc_U081606_002_c3.txt,3,S2,66500.3,57328.2,16.0,464,0.0,6.706
mc_U081606_002_c3.txt,3,S3,66533.3,57328.2,16.06,464,282.0,6.718
mc_U081606_002_c3.txt,3,S4,66261.5,57328.2,15.58,464,0.0,6.646
mc_U101606_001_c2.txt,2,S1,91134.5,79354.1,14.85,591,251.0,9.463
mc_U101606_001_c2.txt,2,S2,90395.7,79354.1,13.91,591,8.0,9.272
mc_U101606_001_c2.txt,2,S3,91134.5,79354.1,14.85,591,251.0,8.973
mc_U101606_001_c2.txt,2,S4,90271.1,79354.1,13.76,591,0.0,8.926
mc_U101606_001_c2.txt,3,S1,90621.9,76324.7,18.73,591,347.0,8.81
mc_U101606_001_c2.txt,3,S2,89256.8,76324.7,16.94,591,10.0,8.846
mc_U101606_001_c2.txt,3,S3,90621.9,76324.7,18.73,591,347.0,8.765
mc_U101606_001_c2.txt,3,S4,89126.2,76324.7,16.77,591,0.0,9.337
mc_U101606_001_c3.txt,2,S1,91134.5,79354.1,14.85,591,251.0,8.753
mc_U101606_001_c3.txt,2,S2,90395.7,79354.1,13.91,591,8.0,9.078
mc_U101606_001_c3.txt,2,S3,91134.5,79354.1,14.85,591,251.0,9.047
mc_U101606_001_c3.txt,2,S4,90271.1,79354.1,13.76,591,0.0,9.067
mc_U101606_001_c3.txt,3,S1,90621.9,76324.7,18.73,591,347.0,8.872
mc_U101606_001_c3.txt,3,S2,89256.8,76324.7,16.94,591,10.0,8.764
mc_U101606_001_c3.txt,3,S3,90621.9,76324.7,18.73,591,347.0,8.836
mc_U101606_001_c3.txt,3,S4,89126.2,76324.7,16.77,591,0.0,9.081
mc_U101606_002_c2.txt,2,S1,91641.7,80054.0,14.47,596,245.0,9.193
mc_U101606_002_c2.txt,2,S2,90556.2,80054.0,13.12,596,0.0,9.423
mc_U101606_002_c2.txt,2,S3,91641.7,80054.0,14.47,596,245.0,9.48
mc_U101606_002_c2.txt,2,S4,90317.8,80054.0,12.82,596,0.0,9.602
mc_U101606_002_c2.txt,3,S1,90623.0,77024.6,17.65,596,346.0,9.692
mc_U101606_002_c2.txt,3,S2,89440.6,77024.6,16.12,596,1.0,9.246
mc_U101606_002_c2.txt,3,S3,90623.0,77024.6,17.65,596,346.0,9.21
mc_U101606_002_c2.txt,3,S4,89681.6,77024.6,16.43,596,0.0,9.261
mc_U101606_002_c3.txt,2,S1,91641.7,80054.0,14.47,596,245.0,9.836
mc_U101606_002_c3.txt,2,S2,90556.2,80054.0,13.12,596,0.0,10.512
mc_U101606_002_c3.txt,2,S3,91641.7,80054.0,14.47,596,245.0,9.416
mc_U101606_002_c3.txt,2,S4,90317.8,80054.0,12.82,596,0.0,9.511
mc_U101606_002_c3.txt,3,S1,90623.0,77024.6,17.65,596,346.0,9.49
mc_U101606_002_c3.txt,3,S2,89440.6,77024.6,16.12,596,1.0,9.608
mc_U101606_002_c3.txt,3,S3,90623.0,77024.6,17.65,596,346.0,9.503
mc_U101606_002_c3.txt,3,S4,89681.6,77024.6,16.43,596,0.0,9.484
